{
"type": "FeatureCollection",
"name": "zcta_geo",
"crs": { "type": "name", "properties": { "name": "urn:ogc:def:crs:OGC:1.3:CRS84" } },
"features": [
{ "type": "Feature", "properties": { "zcta": "12222" }, "geometry": { "type": "Polygon", "coordinates": [ [ [ -73.839071, 42.691425 ], [ -73.834202, 42.693699 ], [ -73.830644, 42.693262 ], [ -73.826398, 42.692277 ], [ -73.815216, 42.68677 ], [ -73.81712, 42.684919 ], [ -73.820581, 42.683871 ], [ -73.8193, 42.680313 ], [ -73.821699, 42.678242 ], [ -73.825931, 42.67806 ], [ -73.829957, 42.680138 ], [ -73.829338, 42.682551 ], [ -73.832697, 42.685239 ], [ -73.834799, 42.685808 ], [ -73.831718, 42.688561 ], [ -73.833872, 42.689734 ], [ -73.835073, 42.688398 ], [ -73.839071, 42.691425 ] ] ] } },
{ "type": "Feature", "properties": { "zcta": "12007" }, "geometry": { "type": "MultiPolygon", "coordinates": [ [ [ [ -73.94079, 42.454891 ], [ -73.939308, 42.457898 ], [ -73.933008, 42.466098 ], [ -73.928699, 42.468763 ], [ -73.925315, 42.468831 ], [ -73.922084, 42.468022 ], [ -73.921661, 42.464598 ], [ -73.917857, 42.463226 ], [ -73.913476, 42.460481 ], [ -73.911505, 42.456697 ], [ -73.908672, 42.453594 ], [ -73.907754, 42.448413 ], [ -73.930699, 42.445192 ], [ -73.930304, 42.44641 ], [ -73.932317, 42.44624 ], [ -73.93366, 42.454064 ], [ -73.942811, 42.453338 ], [ -73.94079, 42.454891 ] ] ], [ [ [ -73.95212, 42.518376 ], [ -73.950704, 42.525736 ], [ -73.947314, 42.527577 ], [ -73.946075, 42.526401 ], [ -73.937382, 42.526591 ], [ -73.936624, 42.518624 ], [ -73.923633, 42.519696 ], [ -73.920517, 42.492239 ], [ -73.923385, 42.48314 ], [ -73.925219, 42.479829 ], [ -73.926796, 42.482131 ], [ -73.928869, 42.482485 ], [ -73.938507, 42.489261 ], [ -73.946768, 42.502417 ], [ -73.951762, 42.507004 ], [ -73.950012, 42.508785 ], [ -73.95212, 42.518376 ] ] ] ] } },
{ "type": "Feature", "properties": { "zcta": "12866" }, "geometry": { "type": "MultiPolygon", "coordinates": [ [ [ [ -73.846979, 43.100294 ], [ -73.843853, 43.100514 ], [ -73.844051, 43.104925 ], [ -73.841357, 43.107081 ], [ -73.839025, 43.100285 ], [ -73.846979, 43.100294 ] ] ], [ [ [ -73.879179, 43.086428 ], [ -73.872516, 43.087176 ], [ -73.872943, 43.090085 ], [ -73.869778, 43.090384 ], [ -73.866279, 43.092248 ], [ -73.862545, 43.092614 ], [ -73.861331, 43.093913 ], [ -73.862113, 43.08783 ], [ -73.842409, 43.089678 ], [ -73.842639, 43.087239 ], [ -73.84114, 43.085035 ], [ -73.841541, 43.084179 ], [ -73.838665, 43.082838 ], [ -73.836116, 43.084314 ], [ -73.833438, 43.084919 ], [ -73.831044, 43.083711 ], [ -73.830748, 43.090535 ], [ -73.831917, 43.096463 ], [ -73.837458, 43.095562 ], [ -73.839025, 43.100285 ], [ -73.832901, 43.101465 ], [ -73.824097, 43.10642 ], [ -73.812369, 43.10918 ], [ -73.81302, 43.1073 ], [ -73.814325, 43.107109 ], [ -73.816279, 43.103754 ], [ -73.815745, 43.102147 ], [ -73.811964, 43.102715 ], [ -73.800445, 43.110257 ], [ -73.777245, 43.111384 ], [ -73.772316, 43.113735 ], [ -73.770503, 43.113641 ], [ -73.76813, 43.123591 ], [ -73.765907, 43.124966 ], [ -73.765856, 43.123895 ], [ -73.763807, 43.123117 ], [ -73.760925, 43.123576 ], [ -73.760817, 43.124877 ], [ -73.761974, 43.126242 ], [ -73.756661, 43.128822 ], [ -73.755773, 43.130516 ], [ -73.756329, 43.130995 ], [ -73.752845, 43.133229 ], [ -73.751505, 43.136573 ], [ -73.747823, 43.139453 ], [ -73.746547, 43.137088 ], [ -73.74444, 43.136853 ], [ -73.73962, 43.130233 ], [ -73.738531, 43.129769 ], [ -73.73888, 43.12872 ], [ -73.743696, 43.128084 ], [ -73.744586, 43.129676 ], [ -73.748136, 43.12919 ], [ -73.747922, 43.127471 ], [ -73.744358, 43.127216 ], [ -73.744126, 43.125757 ], [ -73.73905, 43.124964 ], [ -73.731751, 43.135041 ], [ -73.727346, 43.145134 ], [ -73.72644, 43.140511 ], [ -73.721223, 43.14107 ], [ -73.722278, 43.148851 ], [ -73.711551, 43.149939 ], [ -73.713651, 43.153669 ], [ -73.710807, 43.15368 ], [ -73.710427, 43.151243 ], [ -73.707668, 43.15145 ], [ -73.707298, 43.149302 ], [ -73.701506, 43.149785 ], [ -73.701139, 43.147519 ], [ -73.697263, 43.152718 ], [ -73.695616, 43.151973 ], [ -73.693171, 43.152078 ], [ -73.693695, 43.150263 ], [ -73.690867, 43.149058 ], [ -73.679442, 43.140789 ], [ -73.680983, 43.136312 ], [ -73.673197, 43.136352 ], [ -73.670899, 43.145405 ], [ -73.665899, 43.146957 ], [ -73.664738, 43.139974 ], [ -73.660294, 43.138584 ], [ -73.655934, 43.139032 ], [ -73.655003, 43.140249 ], [ -73.655205, 43.141597 ], [ -73.652261, 43.140318 ], [ -73.65213, 43.134512 ], [ -73.647086, 43.132745 ], [ -73.646859, 43.130771 ], [ -73.631713, 43.131238 ], [ -73.632636, 43.129664 ], [ -73.636143, 43.126884 ], [ -73.636981, 43.124121 ], [ -73.63377, 43.108834 ], [ -73.630168, 43.106161 ], [ -73.624235, 43.105951 ], [ -73.626917, 43.1046 ], [ -73.629679, 43.104798 ], [ -73.633161, 43.102985 ], [ -73.63704, 43.102431 ], [ -73.638591, 43.100567 ], [ -73.64013, 43.100519 ], [ -73.643004, 43.101792 ], [ -73.647908, 43.101853 ], [ -73.648238, 43.099262 ], [ -73.646788, 43.097741 ], [ -73.648422, 43.096337 ], [ -73.650291, 43.096011 ], [ -73.649956, 43.095153 ], [ -73.647967, 43.094436 ], [ -73.647305, 43.088955 ], [ -73.643553, 43.091214 ], [ -73.63883, 43.091557 ], [ -73.639319, 43.090269 ], [ -73.637302, 43.089836 ], [ -73.637131, 43.087011 ], [ -73.638361, 43.086872 ], [ -73.640437, 43.07856 ], [ -73.643219, 43.078248 ], [ -73.644456, 43.073527 ], [ -73.638772, 43.073033 ], [ -73.639528, 43.069763 ], [ -73.643682, 43.069332 ], [ -73.645057, 43.066846 ], [ -73.644393, 43.063541 ], [ -73.64935, 43.059888 ], [ -73.649102, 43.058016 ], [ -73.644425, 43.053176 ], [ -73.643323, 43.047748 ], [ -73.640238, 43.046216 ], [ -73.640547, 43.045628 ], [ -73.651608, 43.04789 ], [ -73.654626, 43.044203 ], [ -73.660904, 43.04348 ], [ -73.662043, 43.044302 ], [ -73.660205, 43.046924 ], [ -73.658355, 43.051793 ], [ -73.65976, 43.054686 ], [ -73.662457, 43.054415 ], [ -73.660969, 43.059371 ], [ -73.675121, 43.058069 ], [ -73.676092, 43.060532 ], [ -73.675708, 43.062825 ], [ -73.673122, 43.067495 ], [ -73.670749, 43.068404 ], [ -73.672764, 43.0689 ], [ -73.681785, 43.068638 ], [ -73.683077, 43.067976 ], [ -73.684127, 43.060989 ], [ -73.686097, 43.056945 ], [ -73.699737, 43.055613 ], [ -73.703797, 43.039619 ], [ -73.711205, 43.039445 ], [ -73.711546, 43.036343 ], [ -73.712873, 43.033731 ], [ -73.711743, 43.03337 ], [ -73.713187, 43.031102 ], [ -73.714599, 43.031601 ], [ -73.718296, 43.026083 ], [ -73.720235, 43.025092 ], [ -73.722734, 43.019474 ], [ -73.724583, 43.018755 ], [ -73.722767, 43.018252 ], [ -73.722883, 43.016707 ], [ -73.723805, 43.016713 ], [ -73.722518, 43.014791 ], [ -73.721967, 43.011362 ], [ -73.712503, 43.008545 ], [ -73.709523, 43.00675 ], [ -73.706287, 43.005758 ], [ -73.706629, 43.003422 ], [ -73.709247, 42.999779 ], [ -73.712389, 42.999862 ], [ -73.714466, 42.998667 ], [ -73.714189, 42.99777 ], [ -73.716613, 42.995599 ], [ -73.718154, 42.995256 ], [ -73.713873, 42.994647 ], [ -73.714442, 42.98544 ], [ -73.715443, 42.98223 ], [ -73.724478, 42.983835 ], [ -73.725258, 42.978321 ], [ -73.728798, 42.978999 ], [ -73.730476, 42.976054 ], [ -73.731788, 42.966048 ], [ -73.736453, 42.963758 ], [ -73.74452, 42.963034 ], [ -73.742166, 42.957998 ], [ -73.743641, 42.955158 ], [ -73.752527, 42.957568 ], [ -73.75437, 42.956165 ], [ -73.746523, 42.984397 ], [ -73.752616, 42.9848 ], [ -73.758806, 42.987013 ], [ -73.758186, 42.988308 ], [ -73.76217, 42.99299 ], [ -73.761425, 42.996269 ], [ -73.762964, 42.996461 ], [ -73.765627, 42.997959 ], [ -73.766566, 43.000001 ], [ -73.76338, 43.006747 ], [ -73.764588, 43.013649 ], [ -73.762399, 43.016757 ], [ -73.758104, 43.018585 ], [ -73.75471, 43.020952 ], [ -73.753307, 43.023237 ], [ -73.751392, 43.024219 ], [ -73.750482, 43.027047 ], [ -73.752148, 43.029598 ], [ -73.752058, 43.034447 ], [ -73.74963, 43.035224 ], [ -73.744826, 43.03533 ], [ -73.742874, 43.034832 ], [ -73.740213, 43.03717 ], [ -73.737777, 43.037225 ], [ -73.736528, 43.0401 ], [ -73.737238, 43.040588 ], [ -73.740992, 43.039473 ], [ -73.742759, 43.04008 ], [ -73.743522, 43.042126 ], [ -73.74647, 43.040229 ], [ -73.749262, 43.040755 ], [ -73.751847, 43.043272 ], [ -73.753978, 43.043853 ], [ -73.754115, 43.042079 ], [ -73.756052, 43.042782 ], [ -73.756993, 43.042194 ], [ -73.756154, 43.040504 ], [ -73.756664, 43.040231 ], [ -73.768068, 43.042025 ], [ -73.771047, 43.043657 ], [ -73.773918, 43.042057 ], [ -73.777269, 43.042159 ], [ -73.780685, 43.037394 ], [ -73.790586, 43.031288 ], [ -73.792569, 43.031294 ], [ -73.791627, 43.033891 ], [ -73.793968, 43.034335 ], [ -73.793116, 43.033052 ], [ -73.794458, 43.032259 ], [ -73.798906, 43.033474 ], [ -73.807629, 43.034297 ], [ -73.808307, 43.035243 ], [ -73.810202, 43.03534 ], [ -73.811686, 43.036345 ], [ -73.810735, 43.037652 ], [ -73.810682, 43.039528 ], [ -73.807134, 43.042668 ], [ -73.801124, 43.042992 ], [ -73.802796, 43.044462 ], [ -73.803347, 43.046208 ], [ -73.802539, 43.048772 ], [ -73.802917, 43.049758 ], [ -73.80523, 43.051044 ], [ -73.806628, 43.054618 ], [ -73.808157, 43.056209 ], [ -73.807556, 43.0578 ], [ -73.809132, 43.056061 ], [ -73.812665, 43.048723 ], [ -73.818382, 43.042812 ], [ -73.820298, 43.038886 ], [ -73.832966, 43.027138 ], [ -73.836955, 43.022324 ], [ -73.838091, 43.02257 ], [ -73.844904, 43.064958 ], [ -73.849664, 43.064849 ], [ -73.849502, 43.067282 ], [ -73.851216, 43.067502 ], [ -73.852851, 43.069494 ], [ -73.85664, 43.069059 ], [ -73.857139, 43.070412 ], [ -73.860623, 43.070132 ], [ -73.861102, 43.068284 ], [ -73.86194, 43.068224 ], [ -73.86176, 43.066865 ], [ -73.868634, 43.066439 ], [ -73.869144, 43.069502 ], [ -73.872416, 43.071499 ], [ -73.872822, 43.072944 ], [ -73.876122, 43.072619 ], [ -73.877888, 43.071597 ], [ -73.876571, 43.078716 ], [ -73.879202, 43.084081 ], [ -73.879179, 43.086428 ] ] ] ] } },
{ "type": "Feature", "properties": { "zcta": "12308" }, "geometry": { "type": "Polygon", "coordinates": [ [ [ -73.936672, 42.814001 ], [ -73.933613, 42.814066 ], [ -73.93299, 42.815029 ], [ -73.934555, 42.81547 ], [ -73.931064, 42.82065 ], [ -73.934041, 42.821206 ], [ -73.93177, 42.82341 ], [ -73.929529, 42.828591 ], [ -73.930461, 42.829784 ], [ -73.922069, 42.839878 ], [ -73.917178, 42.843697 ], [ -73.91478, 42.840888 ], [ -73.918344, 42.839113 ], [ -73.913368, 42.835213 ], [ -73.913839, 42.834572 ], [ -73.911674, 42.833959 ], [ -73.914592, 42.831803 ], [ -73.915793, 42.829989 ], [ -73.913802, 42.828446 ], [ -73.911466, 42.827724 ], [ -73.912247, 42.825529 ], [ -73.9112, 42.82456 ], [ -73.908985, 42.825812 ], [ -73.906828, 42.824399 ], [ -73.904843, 42.82597 ], [ -73.902237, 42.82417 ], [ -73.903382, 42.822887 ], [ -73.902765, 42.822475 ], [ -73.90784, 42.8173 ], [ -73.907399, 42.816408 ], [ -73.908185, 42.811908 ], [ -73.908941, 42.812184 ], [ -73.912038, 42.80997 ], [ -73.913047, 42.808081 ], [ -73.920614, 42.804023 ], [ -73.9242, 42.805735 ], [ -73.925209, 42.810048 ], [ -73.934342, 42.811564 ], [ -73.935167, 42.811135 ], [ -73.938017, 42.812869 ], [ -73.936672, 42.814001 ] ] ] } },
{ "type": "Feature", "properties": { "zcta": "12189" }, "geometry": { "type": "Polygon", "coordinates": [ [ [ -73.74209, 42.714039 ], [ -73.735526, 42.714623 ], [ -73.726252, 42.713643 ], [ -73.724879, 42.714435 ], [ -73.723721, 42.718975 ], [ -73.726912, 42.720032 ], [ -73.725829, 42.72288 ], [ -73.728331, 42.725285 ], [ -73.731469, 42.726237 ], [ -73.734745, 42.725605 ], [ -73.735125, 42.72834 ], [ -73.737078, 42.728778 ], [ -73.730869, 42.738275 ], [ -73.729616, 42.742302 ], [ -73.733887, 42.744106 ], [ -73.735584, 42.743198 ], [ -73.734546, 42.749551 ], [ -73.736631, 42.750515 ], [ -73.73614, 42.755995 ], [ -73.737511, 42.760327 ], [ -73.737023, 42.763875 ], [ -73.731717, 42.765997 ], [ -73.709628, 42.760984 ], [ -73.702964, 42.75788 ], [ -73.705258, 42.752219 ], [ -73.698857, 42.751143 ], [ -73.699464, 42.749461 ], [ -73.698809, 42.747036 ], [ -73.697432, 42.744727 ], [ -73.693679, 42.741307 ], [ -73.6976, 42.740149 ], [ -73.699, 42.737895 ], [ -73.699263, 42.736278 ], [ -73.69808, 42.732628 ], [ -73.694662, 42.732078 ], [ -73.697263, 42.728778 ], [ -73.703563, 42.709478 ], [ -73.703463, 42.705578 ], [ -73.710727, 42.707519 ], [ -73.714166, 42.706185 ], [ -73.718578, 42.708687 ], [ -73.720909, 42.708898 ], [ -73.721426, 42.707756 ], [ -73.72501, 42.707965 ], [ -73.734812, 42.711066 ], [ -73.74228, 42.712668 ], [ -73.74209, 42.714039 ] ] ] } },
{ "type": "Feature", "properties": { "zcta": "12884" }, "geometry": { "type": "Polygon", "coordinates": [ [ [ -73.600134, 43.083646 ], [ -73.598348, 43.093047 ], [ -73.595569, 43.092589 ], [ -73.591323, 43.090855 ], [ -73.587762, 43.094371 ], [ -73.586052, 43.095113 ], [ -73.584817, 43.094259 ], [ -73.583313, 43.094644 ], [ -73.583112, 43.090648 ], [ -73.588183, 43.089175 ], [ -73.588195, 43.087318 ], [ -73.585031, 43.087262 ], [ -73.585558, 43.08554 ], [ -73.586822, 43.085548 ], [ -73.587074, 43.084052 ], [ -73.590708, 43.084302 ], [ -73.592024, 43.085856 ], [ -73.594175, 43.082257 ], [ -73.600134, 43.083646 ] ] ] } },
{ "type": "Feature", "properties": { "zcta": "12008" }, "geometry": { "type": "Polygon", "coordinates": [ [ [ -73.923997, 42.843038 ], [ -73.911364, 42.852036 ], [ -73.908345, 42.855003 ], [ -73.906413, 42.858087 ], [ -73.902843, 42.867152 ], [ -73.898029, 42.866728 ], [ -73.895938, 42.851076 ], [ -73.899866, 42.850876 ], [ -73.903455, 42.849879 ], [ -73.910313, 42.845711 ], [ -73.915104, 42.844814 ], [ -73.921085, 42.840634 ], [ -73.923496, 42.840647 ], [ -73.923997, 42.843038 ] ] ] } },
{ "type": "Feature", "properties": { "zcta": "12063" }, "geometry": { "type": "Polygon", "coordinates": [ [ [ -73.658056, 42.557671 ], [ -73.655745, 42.559113 ], [ -73.646121, 42.559975 ], [ -73.64969, 42.566833 ], [ -73.65561, 42.569907 ], [ -73.637988, 42.574473 ], [ -73.633474, 42.569116 ], [ -73.631416, 42.571803 ], [ -73.631392, 42.573331 ], [ -73.626966, 42.571433 ], [ -73.627838, 42.569732 ], [ -73.626569, 42.569164 ], [ -73.629854, 42.563627 ], [ -73.627688, 42.56323 ], [ -73.627886, 42.561506 ], [ -73.625108, 42.560779 ], [ -73.62414, 42.558136 ], [ -73.625841, 42.557149 ], [ -73.627368, 42.553647 ], [ -73.633097, 42.553762 ], [ -73.63469, 42.556657 ], [ -73.638806, 42.557545 ], [ -73.638801, 42.561316 ], [ -73.643673, 42.560595 ], [ -73.64579, 42.558409 ], [ -73.64746, 42.558209 ], [ -73.651131, 42.556282 ], [ -73.655342, 42.558107 ], [ -73.658056, 42.557671 ] ] ] } },
{ "type": "Feature", "properties": { "zcta": "12084" }, "geometry": { "type": "Polygon", "coordinates": [ [ [ -73.923501, 42.69766 ], [ -73.91603, 42.703213 ], [ -73.916844, 42.704598 ], [ -73.919994, 42.70596 ], [ -73.919851, 42.706826 ], [ -73.913463, 42.705398 ], [ -73.911637, 42.70746 ], [ -73.910191, 42.714387 ], [ -73.908191, 42.717325 ], [ -73.903251, 42.722114 ], [ -73.903842, 42.725141 ], [ -73.905278, 42.72588 ], [ -73.907238, 42.725479 ], [ -73.907083, 42.730806 ], [ -73.904682, 42.730822 ], [ -73.904426, 42.731676 ], [ -73.890652, 42.723766 ], [ -73.888401, 42.725316 ], [ -73.883471, 42.722018 ], [ -73.877814, 42.719396 ], [ -73.893892, 42.713294 ], [ -73.893715, 42.712416 ], [ -73.89649, 42.711998 ], [ -73.896805, 42.710583 ], [ -73.89421, 42.709772 ], [ -73.898099, 42.707427 ], [ -73.8834, 42.702759 ], [ -73.889719, 42.695646 ], [ -73.889859, 42.693375 ], [ -73.885657, 42.693195 ], [ -73.884801, 42.691822 ], [ -73.887159, 42.689481 ], [ -73.886273, 42.688743 ], [ -73.886795, 42.687595 ], [ -73.889364, 42.686474 ], [ -73.892972, 42.686872 ], [ -73.897925, 42.685531 ], [ -73.899583, 42.685923 ], [ -73.90146, 42.685306 ], [ -73.906082, 42.686695 ], [ -73.907607, 42.686349 ], [ -73.908443, 42.682939 ], [ -73.90994, 42.682499 ], [ -73.913664, 42.683588 ], [ -73.915308, 42.685616 ], [ -73.915288, 42.687847 ], [ -73.919341, 42.689597 ], [ -73.921284, 42.692059 ], [ -73.923699, 42.692352 ], [ -73.923501, 42.69766 ] ] ] } },
{ "type": "Feature", "properties": { "zcta": "12150" }, "geometry": { "type": "Polygon", "coordinates": [ [ [ -74.078107, 42.889089 ], [ -74.074556, 42.891044 ], [ -74.071518, 42.889823 ], [ -74.067278, 42.885194 ], [ -74.062443, 42.882804 ], [ -74.060146, 42.882886 ], [ -74.056804, 42.884593 ], [ -74.053874, 42.885121 ], [ -74.049726, 42.883025 ], [ -74.047417, 42.88063 ], [ -74.042363, 42.877813 ], [ -74.037024, 42.875842 ], [ -74.034872, 42.874175 ], [ -74.031873, 42.870574 ], [ -74.03091, 42.8665 ], [ -74.021613, 42.861312 ], [ -74.020471, 42.859229 ], [ -74.020997, 42.857991 ], [ -74.030617, 42.861885 ], [ -74.038249, 42.868333 ], [ -74.042278, 42.869794 ], [ -74.043334, 42.871752 ], [ -74.045937, 42.87151 ], [ -74.05009, 42.873422 ], [ -74.059234, 42.875805 ], [ -74.077473, 42.887814 ], [ -74.078107, 42.889089 ] ] ] } },
{ "type": "Feature", "properties": { "zcta": "12161" }, "geometry": { "type": "Polygon", "coordinates": [ [ [ -73.850781, 42.534772 ], [ -73.848367, 42.535911 ], [ -73.847309, 42.5346 ], [ -73.844927, 42.535516 ], [ -73.840867, 42.534602 ], [ -73.840324, 42.535523 ], [ -73.839778, 42.534446 ], [ -73.842421, 42.534255 ], [ -73.841145, 42.532352 ], [ -73.849745, 42.531798 ], [ -73.850781, 42.534772 ] ] ] } },
{ "type": "Feature", "properties": { "zcta": "12027" }, "geometry": { "type": "Polygon", "coordinates": [ [ [ -73.944714, 42.919213 ], [ -73.942242, 42.918647 ], [ -73.941808, 42.919891 ], [ -73.932663, 42.920934 ], [ -73.934554, 42.933196 ], [ -73.928787, 42.934983 ], [ -73.920463, 42.939762 ], [ -73.918533, 42.941747 ], [ -73.916893, 42.946588 ], [ -73.909612, 42.948513 ], [ -73.904605, 42.951752 ], [ -73.900722, 42.952364 ], [ -73.90053, 42.951018 ], [ -73.897683, 42.950515 ], [ -73.897226, 42.947471 ], [ -73.892704, 42.947873 ], [ -73.889983, 42.929332 ], [ -73.886856, 42.929552 ], [ -73.885259, 42.921804 ], [ -73.887019, 42.920717 ], [ -73.886011, 42.916673 ], [ -73.888508, 42.915925 ], [ -73.886734, 42.90405 ], [ -73.882379, 42.904418 ], [ -73.882075, 42.901821 ], [ -73.878657, 42.90436 ], [ -73.880239, 42.900901 ], [ -73.88032, 42.898885 ], [ -73.88413, 42.896618 ], [ -73.888919, 42.892019 ], [ -73.891274, 42.894996 ], [ -73.891991, 42.894459 ], [ -73.895605, 42.897615 ], [ -73.896476, 42.899611 ], [ -73.899373, 42.898564 ], [ -73.902452, 42.899124 ], [ -73.907297, 42.897371 ], [ -73.908759, 42.898861 ], [ -73.911198, 42.897882 ], [ -73.913387, 42.898699 ], [ -73.91611, 42.897682 ], [ -73.916671, 42.898924 ], [ -73.919345, 42.899371 ], [ -73.922867, 42.902674 ], [ -73.922381, 42.903959 ], [ -73.92401, 42.903714 ], [ -73.926418, 42.904558 ], [ -73.934779, 42.905409 ], [ -73.927351, 42.907916 ], [ -73.930175, 42.907791 ], [ -73.932162, 42.909151 ], [ -73.933802, 42.911766 ], [ -73.936449, 42.912759 ], [ -73.938287, 42.914688 ], [ -73.944265, 42.916719 ], [ -73.944714, 42.919213 ] ] ] } },
{ "type": "Feature", "properties": { "zcta": "12226" }, "geometry": { "type": "Polygon", "coordinates": [ [ [ -73.817575, 42.681262 ], [ -73.814545, 42.684298 ], [ -73.812329, 42.685109 ], [ -73.802083, 42.679172 ], [ -73.80269, 42.676572 ], [ -73.805707, 42.673771 ], [ -73.808355, 42.674088 ], [ -73.816736, 42.678858 ], [ -73.817624, 42.67992 ], [ -73.817575, 42.681262 ] ] ] } },
{ "type": "Feature", "properties": { "zcta": "12045" }, "geometry": { "type": "Polygon", "coordinates": [ [ [ -73.808267, 42.483581 ], [ -73.806793, 42.487066 ], [ -73.795532, 42.500278 ], [ -73.792905, 42.489999 ], [ -73.793972, 42.481765 ], [ -73.79306, 42.479047 ], [ -73.793961, 42.477362 ], [ -73.792832, 42.475559 ], [ -73.789768, 42.476018 ], [ -73.788523, 42.471126 ], [ -73.785687, 42.468126 ], [ -73.785481, 42.464214 ], [ -73.789355, 42.464643 ], [ -73.787484, 42.463831 ], [ -73.791862, 42.463367 ], [ -73.792061, 42.465302 ], [ -73.795322, 42.466044 ], [ -73.797298, 42.465766 ], [ -73.796944, 42.464126 ], [ -73.79956, 42.463138 ], [ -73.799615, 42.469066 ], [ -73.801483, 42.482219 ], [ -73.808225, 42.481545 ], [ -73.808267, 42.483581 ] ] ] } },
{ "type": "Feature", "properties": { "zcta": "12307" }, "geometry": { "type": "Polygon", "coordinates": [ [ [ -73.946376, 42.804843 ], [ -73.941398, 42.807843 ], [ -73.941991, 42.808627 ], [ -73.935926, 42.811655 ], [ -73.935167, 42.811135 ], [ -73.934342, 42.811564 ], [ -73.925209, 42.810048 ], [ -73.9242, 42.805735 ], [ -73.920614, 42.804023 ], [ -73.92338, 42.802519 ], [ -73.923702, 42.80297 ], [ -73.924639, 42.802463 ], [ -73.925911, 42.800853 ], [ -73.926568, 42.801437 ], [ -73.927333, 42.80102 ], [ -73.931047, 42.797714 ], [ -73.939351, 42.800499 ], [ -73.943543, 42.802607 ], [ -73.942837, 42.803192 ], [ -73.946376, 42.804843 ] ] ] } },
{ "type": "Feature", "properties": { "zcta": "12018" }, "geometry": { "type": "Polygon", "coordinates": [ [ [ -73.601632, 42.613268 ], [ -73.597248, 42.614622 ], [ -73.599391, 42.621226 ], [ -73.59768, 42.627401 ], [ -73.594647, 42.628025 ], [ -73.600378, 42.63126 ], [ -73.600303, 42.631984 ], [ -73.59958, 42.631638 ], [ -73.599106, 42.632912 ], [ -73.596402, 42.631659 ], [ -73.590816, 42.632256 ], [ -73.587929, 42.631209 ], [ -73.586427, 42.632546 ], [ -73.581489, 42.633303 ], [ -73.580721, 42.63683 ], [ -73.578845, 42.637388 ], [ -73.579877, 42.638521 ], [ -73.583373, 42.639562 ], [ -73.585282, 42.641246 ], [ -73.585252, 42.643031 ], [ -73.586843, 42.644243 ], [ -73.589719, 42.643502 ], [ -73.589324, 42.644524 ], [ -73.592111, 42.646526 ], [ -73.59215, 42.648718 ], [ -73.593731, 42.650415 ], [ -73.589702, 42.651254 ], [ -73.58557, 42.655468 ], [ -73.598138, 42.657002 ], [ -73.596084, 42.658997 ], [ -73.595908, 42.660436 ], [ -73.600775, 42.666197 ], [ -73.594125, 42.670366 ], [ -73.59736, 42.676118 ], [ -73.599012, 42.676823 ], [ -73.596379, 42.679233 ], [ -73.598888, 42.682458 ], [ -73.598261, 42.684036 ], [ -73.59609, 42.685955 ], [ -73.589604, 42.681619 ], [ -73.57996, 42.685038 ], [ -73.579518, 42.683203 ], [ -73.575781, 42.680995 ], [ -73.573307, 42.675221 ], [ -73.574206, 42.673875 ], [ -73.571314, 42.672181 ], [ -73.570773, 42.670716 ], [ -73.572182, 42.66954 ], [ -73.576727, 42.66769 ], [ -73.578367, 42.66614 ], [ -73.575977, 42.66537 ], [ -73.574795, 42.667628 ], [ -73.572706, 42.667474 ], [ -73.569097, 42.665576 ], [ -73.568391, 42.664303 ], [ -73.563815, 42.662449 ], [ -73.556426, 42.66871 ], [ -73.548361, 42.666848 ], [ -73.550154, 42.661469 ], [ -73.549345, 42.657358 ], [ -73.544901, 42.657798 ], [ -73.543672, 42.666812 ], [ -73.54456, 42.677179 ], [ -73.539561, 42.678203 ], [ -73.541255, 42.682051 ], [ -73.538842, 42.685993 ], [ -73.540396, 42.689305 ], [ -73.545025, 42.691469 ], [ -73.540752, 42.707602 ], [ -73.538027, 42.707993 ], [ -73.537105, 42.712194 ], [ -73.481599, 42.718178 ], [ -73.484315, 42.707433 ], [ -73.481005, 42.70763 ], [ -73.480027, 42.711263 ], [ -73.478837, 42.711268 ], [ -73.479911, 42.70784 ], [ -73.475185, 42.708418 ], [ -73.477377, 42.706175 ], [ -73.478318, 42.704224 ], [ -73.477556, 42.704078 ], [ -73.483396, 42.697573 ], [ -73.484633, 42.692133 ], [ -73.486213, 42.691337 ], [ -73.485911, 42.689511 ], [ -73.488579, 42.687695 ], [ -73.487996, 42.685613 ], [ -73.488853, 42.684192 ], [ -73.482042, 42.684574 ], [ -73.482321, 42.683301 ], [ -73.46272, 42.685434 ], [ -73.465423, 42.675117 ], [ -73.460692, 42.675461 ], [ -73.461694, 42.672228 ], [ -73.477053, 42.670478 ], [ -73.47886, 42.663195 ], [ -73.499607, 42.660547 ], [ -73.522233, 42.658974 ], [ -73.525723, 42.656122 ], [ -73.525363, 42.6556 ], [ -73.527256, 42.655117 ], [ -73.527109, 42.651917 ], [ -73.528672, 42.650398 ], [ -73.530526, 42.64658 ], [ -73.536867, 42.642896 ], [ -73.535938, 42.638565 ], [ -73.537084, 42.638401 ], [ -73.536011, 42.636962 ], [ -73.534431, 42.637179 ], [ -73.529201, 42.643702 ], [ -73.524767, 42.643318 ], [ -73.522677, 42.643971 ], [ -73.524955, 42.64241 ], [ -73.52563, 42.636273 ], [ -73.523379, 42.637994 ], [ -73.51808, 42.63507 ], [ -73.516126, 42.63279 ], [ -73.509603, 42.629127 ], [ -73.50774, 42.627009 ], [ -73.509595, 42.627163 ], [ -73.512293, 42.624669 ], [ -73.515862, 42.622654 ], [ -73.515171, 42.619726 ], [ -73.500259, 42.620776 ], [ -73.499518, 42.618077 ], [ -73.497041, 42.61719 ], [ -73.493488, 42.617543 ], [ -73.493432, 42.616657 ], [ -73.481436, 42.618424 ], [ -73.480535, 42.620122 ], [ -73.480593, 42.624501 ], [ -73.481628, 42.6269 ], [ -73.475109, 42.627725 ], [ -73.474064, 42.62269 ], [ -73.472822, 42.622703 ], [ -73.471627, 42.620033 ], [ -73.476148, 42.618795 ], [ -73.47769, 42.617188 ], [ -73.477573, 42.613625 ], [ -73.478267, 42.612027 ], [ -73.474862, 42.613161 ], [ -73.472117, 42.612859 ], [ -73.468479, 42.614108 ], [ -73.467437, 42.613933 ], [ -73.465818, 42.615383 ], [ -73.46396, 42.615924 ], [ -73.472278, 42.59176 ], [ -73.475492, 42.589473 ], [ -73.47439, 42.587037 ], [ -73.47721, 42.585778 ], [ -73.477996, 42.583347 ], [ -73.479569, 42.582326 ], [ -73.471045, 42.578849 ], [ -73.470264, 42.573133 ], [ -73.460124, 42.561043 ], [ -73.450841, 42.557292 ], [ -73.44985, 42.564116 ], [ -73.448086, 42.562314 ], [ -73.445227, 42.557228 ], [ -73.45055, 42.53504 ], [ -73.455135, 42.532775 ], [ -73.465361, 42.536877 ], [ -73.466781, 42.539219 ], [ -73.466367, 42.533538 ], [ -73.469839, 42.53274 ], [ -73.477978, 42.532658 ], [ -73.478639, 42.534738 ], [ -73.477094, 42.534675 ], [ -73.477918, 42.536177 ], [ -73.475047, 42.536514 ], [ -73.475654, 42.539464 ], [ -73.474675, 42.541882 ], [ -73.471935, 42.544078 ], [ -73.468659, 42.544846 ], [ -73.469913, 42.545178 ], [ -73.470695, 42.546958 ], [ -73.477658, 42.550331 ], [ -73.486495, 42.549476 ], [ -73.487547, 42.551571 ], [ -73.491075, 42.544079 ], [ -73.490533, 42.54697 ], [ -73.495834, 42.546515 ], [ -73.493689, 42.563099 ], [ -73.495551, 42.563536 ], [ -73.49406, 42.56497 ], [ -73.494262, 42.565836 ], [ -73.507383, 42.565666 ], [ -73.510694, 42.57186 ], [ -73.512121, 42.5731 ], [ -73.512036, 42.574685 ], [ -73.514791, 42.575664 ], [ -73.515776, 42.579578 ], [ -73.530071, 42.579828 ], [ -73.531995, 42.578375 ], [ -73.533564, 42.579297 ], [ -73.53662, 42.57715 ], [ -73.538929, 42.576573 ], [ -73.5403, 42.577229 ], [ -73.544405, 42.575716 ], [ -73.545636, 42.576914 ], [ -73.548774, 42.577502 ], [ -73.549963, 42.579096 ], [ -73.547165, 42.578808 ], [ -73.543824, 42.579912 ], [ -73.54742, 42.585344 ], [ -73.546897, 42.59081 ], [ -73.549173, 42.58895 ], [ -73.551518, 42.590247 ], [ -73.552812, 42.589667 ], [ -73.553782, 42.587296 ], [ -73.557195, 42.583448 ], [ -73.55991, 42.583636 ], [ -73.562456, 42.585827 ], [ -73.564087, 42.58626 ], [ -73.566116, 42.585368 ], [ -73.569758, 42.585427 ], [ -73.570025, 42.582277 ], [ -73.574528, 42.581246 ], [ -73.580194, 42.57789 ], [ -73.588586, 42.574134 ], [ -73.584518, 42.591847 ], [ -73.58967, 42.593562 ], [ -73.600883, 42.6009 ], [ -73.600467, 42.602869 ], [ -73.601107, 42.605363 ], [ -73.599863, 42.610826 ], [ -73.601632, 42.613268 ] ] ] } },
{ "type": "Feature", "properties": { "zcta": "12180" }, "geometry": { "type": "Polygon", "coordinates": [ [ [ -73.724964, 42.670179 ], [ -73.716363, 42.682378 ], [ -73.706463, 42.694078 ], [ -73.702921, 42.6993 ], [ -73.702375, 42.70101 ], [ -73.703563, 42.709478 ], [ -73.697263, 42.728778 ], [ -73.694662, 42.732078 ], [ -73.690026, 42.735626 ], [ -73.688962, 42.738278 ], [ -73.687262, 42.752478 ], [ -73.684362, 42.757878 ], [ -73.684362, 42.763877 ], [ -73.683269, 42.767949 ], [ -73.680548, 42.767338 ], [ -73.681576, 42.762134 ], [ -73.677511, 42.761147 ], [ -73.67525, 42.764676 ], [ -73.671126, 42.763716 ], [ -73.676727, 42.7529 ], [ -73.67059, 42.752782 ], [ -73.671916, 42.748544 ], [ -73.671007, 42.748025 ], [ -73.664543, 42.747987 ], [ -73.661806, 42.747393 ], [ -73.664666, 42.75469 ], [ -73.663344, 42.760807 ], [ -73.659782, 42.770749 ], [ -73.655793, 42.768849 ], [ -73.6481, 42.768379 ], [ -73.649484, 42.775359 ], [ -73.648927, 42.776418 ], [ -73.645278, 42.778143 ], [ -73.645572, 42.780462 ], [ -73.643135, 42.780626 ], [ -73.641746, 42.781521 ], [ -73.639344, 42.781276 ], [ -73.638167, 42.782644 ], [ -73.624561, 42.791336 ], [ -73.620693, 42.792198 ], [ -73.584897, 42.79529 ], [ -73.574099, 42.795749 ], [ -73.572941, 42.794649 ], [ -73.567711, 42.796697 ], [ -73.562948, 42.801057 ], [ -73.556552, 42.803433 ], [ -73.563369, 42.804332 ], [ -73.56642, 42.804177 ], [ -73.573669, 42.805543 ], [ -73.573793, 42.809601 ], [ -73.575176, 42.812887 ], [ -73.573987, 42.814851 ], [ -73.566855, 42.815158 ], [ -73.543914, 42.818426 ], [ -73.543392, 42.815267 ], [ -73.541367, 42.815232 ], [ -73.540376, 42.814068 ], [ -73.537849, 42.815075 ], [ -73.534523, 42.817966 ], [ -73.535428, 42.823969 ], [ -73.537695, 42.823935 ], [ -73.536688, 42.82613 ], [ -73.534436, 42.826401 ], [ -73.531352, 42.824717 ], [ -73.530195, 42.822437 ], [ -73.524706, 42.818566 ], [ -73.517233, 42.819388 ], [ -73.516484, 42.817599 ], [ -73.514664, 42.818833 ], [ -73.511733, 42.819618 ], [ -73.510168, 42.821661 ], [ -73.507273, 42.821825 ], [ -73.504371, 42.822825 ], [ -73.498334, 42.823149 ], [ -73.498553, 42.822225 ], [ -73.49694, 42.821864 ], [ -73.493054, 42.822607 ], [ -73.491944, 42.822249 ], [ -73.487816, 42.824052 ], [ -73.48703, 42.823626 ], [ -73.483157, 42.824409 ], [ -73.482913, 42.823232 ], [ -73.478936, 42.823004 ], [ -73.477086, 42.822215 ], [ -73.47531, 42.818089 ], [ -73.469628, 42.81614 ], [ -73.463738, 42.815435 ], [ -73.461596, 42.812495 ], [ -73.468242, 42.808885 ], [ -73.468242, 42.807332 ], [ -73.477481, 42.809984 ], [ -73.476428, 42.803953 ], [ -73.471126, 42.804174 ], [ -73.470619, 42.798857 ], [ -73.475952, 42.798621 ], [ -73.475216, 42.792227 ], [ -73.477197, 42.79217 ], [ -73.480566, 42.7933 ], [ -73.489895, 42.79218 ], [ -73.504331, 42.786468 ], [ -73.505746, 42.788759 ], [ -73.506169, 42.794691 ], [ -73.507648, 42.793734 ], [ -73.509556, 42.793481 ], [ -73.511994, 42.794379 ], [ -73.520635, 42.770603 ], [ -73.523087, 42.772033 ], [ -73.525489, 42.770918 ], [ -73.527352, 42.771566 ], [ -73.529734, 42.769973 ], [ -73.531395, 42.76555 ], [ -73.534711, 42.762424 ], [ -73.536669, 42.758256 ], [ -73.539218, 42.755692 ], [ -73.542343, 42.756953 ], [ -73.543411, 42.754014 ], [ -73.542955, 42.750881 ], [ -73.545477, 42.750799 ], [ -73.545915, 42.748512 ], [ -73.54767, 42.747555 ], [ -73.550767, 42.747012 ], [ -73.55434, 42.747899 ], [ -73.556721, 42.746833 ], [ -73.558629, 42.740925 ], [ -73.540978, 42.738709 ], [ -73.532435, 42.739271 ], [ -73.542359, 42.711678 ], [ -73.560393, 42.709287 ], [ -73.562834, 42.706557 ], [ -73.562051, 42.703013 ], [ -73.564802, 42.703283 ], [ -73.565652, 42.705857 ], [ -73.569875, 42.706266 ], [ -73.573917, 42.707766 ], [ -73.603344, 42.704007 ], [ -73.599371, 42.706544 ], [ -73.598695, 42.710384 ], [ -73.600195, 42.712845 ], [ -73.604265, 42.713398 ], [ -73.605839, 42.716207 ], [ -73.60886, 42.716119 ], [ -73.609433, 42.717243 ], [ -73.607378, 42.718392 ], [ -73.606874, 42.720783 ], [ -73.610763, 42.721521 ], [ -73.612321, 42.720248 ], [ -73.613312, 42.717492 ], [ -73.618461, 42.718549 ], [ -73.620183, 42.719738 ], [ -73.624522, 42.715617 ], [ -73.626822, 42.7174 ], [ -73.629628, 42.713748 ], [ -73.632465, 42.71399 ], [ -73.632437, 42.713277 ], [ -73.636744, 42.712116 ], [ -73.630886, 42.709863 ], [ -73.632025, 42.708531 ], [ -73.629784, 42.706661 ], [ -73.629337, 42.705059 ], [ -73.634665, 42.703292 ], [ -73.633858, 42.701557 ], [ -73.632483, 42.700584 ], [ -73.660509, 42.697407 ], [ -73.659125, 42.69606 ], [ -73.659408, 42.693942 ], [ -73.65811, 42.693329 ], [ -73.658761, 42.69178 ], [ -73.668954, 42.691467 ], [ -73.665342, 42.688857 ], [ -73.663597, 42.688766 ], [ -73.662501, 42.686689 ], [ -73.659425, 42.685633 ], [ -73.658404, 42.684552 ], [ -73.660065, 42.682537 ], [ -73.659218, 42.6781 ], [ -73.685966, 42.672185 ], [ -73.6796, 42.667905 ], [ -73.680111, 42.666603 ], [ -73.684518, 42.666934 ], [ -73.686032, 42.66645 ], [ -73.687654, 42.66697 ], [ -73.687928, 42.669434 ], [ -73.691256, 42.669489 ], [ -73.690837, 42.675756 ], [ -73.693145, 42.676315 ], [ -73.693721, 42.675027 ], [ -73.695653, 42.676301 ], [ -73.699456, 42.674856 ], [ -73.702974, 42.674282 ], [ -73.70899, 42.675964 ], [ -73.716051, 42.675067 ], [ -73.717341, 42.675843 ], [ -73.723995, 42.669646 ], [ -73.724964, 42.670179 ] ] ] } },
{ "type": "Feature", "properties": { "zcta": "12803" }, "geometry": { "type": "Polygon", "coordinates": [ [ [ -73.67639, 43.263475 ], [ -73.669561, 43.263871 ], [ -73.661061, 43.272872 ], [ -73.675162, 43.285072 ], [ -73.675862, 43.287472 ], [ -73.671273, 43.293154 ], [ -73.668541, 43.292484 ], [ -73.665862, 43.290866 ], [ -73.660461, 43.290572 ], [ -73.653061, 43.291272 ], [ -73.651377, 43.290079 ], [ -73.641861, 43.293273 ], [ -73.642761, 43.304172 ], [ -73.641056, 43.305776 ], [ -73.635941, 43.306998 ], [ -73.633064, 43.30631 ], [ -73.628584, 43.304034 ], [ -73.609831, 43.306542 ], [ -73.599463, 43.306742 ], [ -73.59496, 43.306118 ], [ -73.588822, 43.300543 ], [ -73.589111, 43.297703 ], [ -73.592729, 43.295084 ], [ -73.594969, 43.291344 ], [ -73.597136, 43.284114 ], [ -73.600044, 43.279762 ], [ -73.600443, 43.272052 ], [ -73.604218, 43.273193 ], [ -73.603031, 43.275703 ], [ -73.605232, 43.276198 ], [ -73.606623, 43.279171 ], [ -73.609029, 43.279237 ], [ -73.61053, 43.285519 ], [ -73.612185, 43.284576 ], [ -73.611844, 43.278465 ], [ -73.616503, 43.279664 ], [ -73.619101, 43.283318 ], [ -73.621336, 43.284646 ], [ -73.623947, 43.283389 ], [ -73.631651, 43.275475 ], [ -73.640037, 43.273875 ], [ -73.639832, 43.273238 ], [ -73.641322, 43.273127 ], [ -73.641683, 43.269598 ], [ -73.647203, 43.269444 ], [ -73.648318, 43.271413 ], [ -73.647948, 43.273042 ], [ -73.65069, 43.271688 ], [ -73.651552, 43.270197 ], [ -73.65386, 43.269624 ], [ -73.660065, 43.271549 ], [ -73.663604, 43.266897 ], [ -73.669032, 43.262981 ], [ -73.67468, 43.262314 ], [ -73.67639, 43.263475 ] ] ] } },
{ "type": "Feature", "properties": { "zcta": "12040" }, "geometry": { "type": "Polygon", "coordinates": [ [ [ -73.362682, 42.627146 ], [ -73.359298, 42.632016 ], [ -73.358698, 42.634296 ], [ -73.357082, 42.63412 ], [ -73.357409, 42.630755 ], [ -73.360111, 42.627097 ], [ -73.362682, 42.627146 ] ] ] } },
{ "type": "Feature", "properties": { "zcta": "12822" }, "geometry": { "type": "Polygon", "coordinates": [ [ [ -73.986197, 43.266267 ], [ -73.974394, 43.267287 ], [ -73.974747, 43.269274 ], [ -73.969764, 43.270064 ], [ -73.971327, 43.279868 ], [ -73.962141, 43.280511 ], [ -73.963083, 43.282765 ], [ -73.962615, 43.282465 ], [ -73.961427, 43.284635 ], [ -73.959091, 43.2859 ], [ -73.958648, 43.287183 ], [ -73.951738, 43.289382 ], [ -73.945255, 43.296872 ], [ -73.945826, 43.298395 ], [ -73.936944, 43.303584 ], [ -73.932793, 43.309248 ], [ -73.930776, 43.313449 ], [ -73.927401, 43.315735 ], [ -73.9298, 43.318224 ], [ -73.925414, 43.320706 ], [ -73.919838, 43.316216 ], [ -73.920629, 43.315421 ], [ -73.916835, 43.309998 ], [ -73.917357, 43.307638 ], [ -73.916681, 43.30549 ], [ -73.911089, 43.303703 ], [ -73.909625, 43.302345 ], [ -73.910598, 43.300586 ], [ -73.908916, 43.301234 ], [ -73.900563, 43.301439 ], [ -73.895126, 43.299889 ], [ -73.893177, 43.29701 ], [ -73.891933, 43.292595 ], [ -73.887645, 43.291804 ], [ -73.883525, 43.295385 ], [ -73.885032, 43.296762 ], [ -73.883587, 43.29939 ], [ -73.873091, 43.301286 ], [ -73.870139, 43.304538 ], [ -73.870469, 43.306218 ], [ -73.868935, 43.309656 ], [ -73.8677, 43.311081 ], [ -73.86598, 43.311721 ], [ -73.863963, 43.315064 ], [ -73.862589, 43.31607 ], [ -73.852593, 43.314987 ], [ -73.845248, 43.310463 ], [ -73.840333, 43.309112 ], [ -73.838905, 43.306571 ], [ -73.836969, 43.305057 ], [ -73.835445, 43.302338 ], [ -73.835071, 43.295517 ], [ -73.833611, 43.291383 ], [ -73.832897, 43.291315 ], [ -73.832577, 43.290391 ], [ -73.826941, 43.290817 ], [ -73.827503, 43.28457 ], [ -73.825152, 43.277545 ], [ -73.826077, 43.276088 ], [ -73.832651, 43.270856 ], [ -73.835567, 43.265835 ], [ -73.835811, 43.253756 ], [ -73.834034, 43.250013 ], [ -73.832942, 43.249062 ], [ -73.829179, 43.247974 ], [ -73.825864, 43.245583 ], [ -73.820968, 43.247985 ], [ -73.819532, 43.250643 ], [ -73.815369, 43.250989 ], [ -73.81006, 43.250538 ], [ -73.808375, 43.250948 ], [ -73.803298, 43.25032 ], [ -73.790845, 43.245064 ], [ -73.77949, 43.234904 ], [ -73.775795, 43.227968 ], [ -73.77269, 43.224731 ], [ -73.769071, 43.222338 ], [ -73.767498, 43.222123 ], [ -73.765269, 43.222776 ], [ -73.763515, 43.22539 ], [ -73.748056, 43.199424 ], [ -73.785245, 43.195947 ], [ -73.786902, 43.193 ], [ -73.808283, 43.191896 ], [ -73.810198, 43.193044 ], [ -73.813838, 43.193943 ], [ -73.815382, 43.192665 ], [ -73.819778, 43.191295 ], [ -73.82683, 43.190985 ], [ -73.826538, 43.192594 ], [ -73.829199, 43.194528 ], [ -73.830185, 43.198182 ], [ -73.834748, 43.199766 ], [ -73.839678, 43.208006 ], [ -73.841264, 43.204233 ], [ -73.854992, 43.199837 ], [ -73.85532, 43.19665 ], [ -73.858486, 43.195977 ], [ -73.861294, 43.197909 ], [ -73.86486, 43.197499 ], [ -73.865198, 43.196067 ], [ -73.866559, 43.195864 ], [ -73.866575, 43.199209 ], [ -73.871343, 43.207646 ], [ -73.871462, 43.210501 ], [ -73.865807, 43.211847 ], [ -73.868002, 43.215042 ], [ -73.867969, 43.216704 ], [ -73.932531, 43.183081 ], [ -73.948475, 43.17558 ], [ -73.976623, 43.15998 ], [ -73.978838, 43.1789 ], [ -73.986197, 43.266267 ] ] ] } },
{ "type": "Feature", "properties": { "zcta": "12182" }, "geometry": { "type": "Polygon", "coordinates": [ [ [ -73.673463, 42.790276 ], [ -73.672355, 42.795791 ], [ -73.667362, 42.800177 ], [ -73.663562, 42.800877 ], [ -73.661362, 42.802977 ], [ -73.658462, 42.809077 ], [ -73.660162, 42.816777 ], [ -73.659663, 42.818978 ], [ -73.663021, 42.82544 ], [ -73.665759, 42.833373 ], [ -73.663396, 42.833295 ], [ -73.663991, 42.833991 ], [ -73.661456, 42.835695 ], [ -73.657498, 42.835945 ], [ -73.653119, 42.835436 ], [ -73.65128, 42.834082 ], [ -73.649193, 42.835174 ], [ -73.644685, 42.834836 ], [ -73.643899, 42.836151 ], [ -73.641389, 42.833658 ], [ -73.6383, 42.833882 ], [ -73.63807, 42.832536 ], [ -73.635591, 42.833349 ], [ -73.626141, 42.830969 ], [ -73.627288, 42.828416 ], [ -73.624556, 42.830471 ], [ -73.622278, 42.829138 ], [ -73.61928, 42.829189 ], [ -73.619051, 42.828239 ], [ -73.616922, 42.828018 ], [ -73.614796, 42.826886 ], [ -73.613955, 42.825292 ], [ -73.61089, 42.823822 ], [ -73.608099, 42.818305 ], [ -73.604948, 42.816729 ], [ -73.605523, 42.814825 ], [ -73.604866, 42.812603 ], [ -73.593914, 42.81416 ], [ -73.59243, 42.813992 ], [ -73.589214, 42.812009 ], [ -73.579034, 42.813299 ], [ -73.577769, 42.812953 ], [ -73.576553, 42.81407 ], [ -73.575176, 42.812887 ], [ -73.573793, 42.809601 ], [ -73.573669, 42.805543 ], [ -73.56642, 42.804177 ], [ -73.563369, 42.804332 ], [ -73.556552, 42.803433 ], [ -73.562948, 42.801057 ], [ -73.567711, 42.796697 ], [ -73.572941, 42.794649 ], [ -73.574099, 42.795749 ], [ -73.584897, 42.79529 ], [ -73.620693, 42.792198 ], [ -73.624561, 42.791336 ], [ -73.638167, 42.782644 ], [ -73.639344, 42.781276 ], [ -73.641746, 42.781521 ], [ -73.643135, 42.780626 ], [ -73.645572, 42.780462 ], [ -73.645278, 42.778143 ], [ -73.648927, 42.776418 ], [ -73.649484, 42.775359 ], [ -73.6481, 42.768379 ], [ -73.655793, 42.768849 ], [ -73.659782, 42.770749 ], [ -73.663344, 42.760807 ], [ -73.664666, 42.75469 ], [ -73.661806, 42.747393 ], [ -73.664543, 42.747987 ], [ -73.671007, 42.748025 ], [ -73.671916, 42.748544 ], [ -73.67059, 42.752782 ], [ -73.676727, 42.7529 ], [ -73.671126, 42.763716 ], [ -73.67525, 42.764676 ], [ -73.677511, 42.761147 ], [ -73.681576, 42.762134 ], [ -73.680548, 42.767338 ], [ -73.683269, 42.767949 ], [ -73.673463, 42.790276 ] ] ] } },
{ "type": "Feature", "properties": { "zcta": "12056" }, "geometry": { "type": "Polygon", "coordinates": [ [ [ -74.168086, 42.763965 ], [ -74.163153, 42.764636 ], [ -74.157103, 42.763785 ], [ -74.148249, 42.764389 ], [ -74.15072, 42.76652 ], [ -74.151897, 42.770796 ], [ -74.155833, 42.773419 ], [ -74.156508, 42.778753 ], [ -74.144171, 42.782669 ], [ -74.144793, 42.786575 ], [ -74.143957, 42.789428 ], [ -74.12996, 42.790736 ], [ -74.130447, 42.79339 ], [ -74.128923, 42.794586 ], [ -74.114691, 42.797751 ], [ -74.10879, 42.797589 ], [ -74.106289, 42.783154 ], [ -74.104352, 42.783311 ], [ -74.104397, 42.78729 ], [ -74.093293, 42.790514 ], [ -74.090636, 42.792292 ], [ -74.090597, 42.793605 ], [ -74.081755, 42.794799 ], [ -74.076864, 42.791598 ], [ -74.07774, 42.78996 ], [ -74.076831, 42.789122 ], [ -74.069193, 42.7913 ], [ -74.068822, 42.789982 ], [ -74.062135, 42.792607 ], [ -74.062025, 42.791476 ], [ -74.060103, 42.790608 ], [ -74.060513, 42.792164 ], [ -74.057498, 42.793027 ], [ -74.05095, 42.787016 ], [ -74.040923, 42.780421 ], [ -74.040023, 42.780591 ], [ -74.037461, 42.777753 ], [ -74.037031, 42.778093 ], [ -74.02997, 42.775212 ], [ -74.027681, 42.772615 ], [ -74.019607, 42.769882 ], [ -74.014993, 42.765198 ], [ -74.01782, 42.765046 ], [ -74.021932, 42.762697 ], [ -74.02512, 42.762818 ], [ -74.030942, 42.76433 ], [ -74.033397, 42.763672 ], [ -74.031078, 42.761858 ], [ -74.02874, 42.758693 ], [ -74.027102, 42.759334 ], [ -74.023523, 42.756024 ], [ -74.020412, 42.754991 ], [ -74.02015, 42.754009 ], [ -74.021652, 42.751171 ], [ -74.02786, 42.751779 ], [ -74.030314, 42.751462 ], [ -74.030099, 42.749899 ], [ -74.035012, 42.750402 ], [ -74.039174, 42.749541 ], [ -74.040695, 42.750189 ], [ -74.045655, 42.750194 ], [ -74.04652, 42.750621 ], [ -74.047695, 42.74978 ], [ -74.047322, 42.747345 ], [ -74.050858, 42.747075 ], [ -74.052986, 42.747867 ], [ -74.054857, 42.747438 ], [ -74.0544, 42.745471 ], [ -74.1128, 42.738478 ], [ -74.113627, 42.740864 ], [ -74.119232, 42.742674 ], [ -74.120611, 42.74388 ], [ -74.123289, 42.743528 ], [ -74.126683, 42.745734 ], [ -74.129677, 42.74945 ], [ -74.139693, 42.750741 ], [ -74.144659, 42.75376 ], [ -74.141935, 42.754437 ], [ -74.138047, 42.757546 ], [ -74.140458, 42.759298 ], [ -74.140981, 42.760543 ], [ -74.138989, 42.761283 ], [ -74.14074, 42.762736 ], [ -74.14398, 42.761278 ], [ -74.146621, 42.757788 ], [ -74.148302, 42.757749 ], [ -74.15422, 42.759791 ], [ -74.157705, 42.762721 ], [ -74.16385, 42.764157 ], [ -74.168086, 42.763965 ] ] ] } },
{ "type": "Feature", "properties": { "zcta": "12186" }, "geometry": { "type": "Polygon", "coordinates": [ [ [ -74.057527, 42.660069 ], [ -74.055576, 42.660357 ], [ -74.055948, 42.662011 ], [ -74.053285, 42.662515 ], [ -74.053541, 42.663613 ], [ -74.043286, 42.664874 ], [ -74.043995, 42.668065 ], [ -74.041185, 42.668402 ], [ -74.041664, 42.670831 ], [ -74.038644, 42.671262 ], [ -74.039194, 42.677662 ], [ -74.031075, 42.678082 ], [ -74.026128, 42.675675 ], [ -74.022216, 42.65913 ], [ -74.020298, 42.65926 ], [ -74.02041, 42.657148 ], [ -74.019343, 42.655254 ], [ -74.016299, 42.655053 ], [ -74.016283, 42.652998 ], [ -74.014526, 42.651952 ], [ -74.008056, 42.652093 ], [ -74.005597, 42.648214 ], [ -73.996997, 42.64608 ], [ -73.990787, 42.641037 ], [ -73.990796, 42.643791 ], [ -73.988633, 42.640556 ], [ -73.978973, 42.644745 ], [ -73.979579, 42.645395 ], [ -73.975138, 42.648389 ], [ -73.96942, 42.645508 ], [ -73.968662, 42.646206 ], [ -73.966068, 42.645709 ], [ -73.964198, 42.646767 ], [ -73.959507, 42.646011 ], [ -73.960623, 42.649029 ], [ -73.962051, 42.649033 ], [ -73.963897, 42.651633 ], [ -73.96144, 42.652177 ], [ -73.962545, 42.653605 ], [ -73.965792, 42.6542 ], [ -73.965779, 42.658296 ], [ -73.964129, 42.659458 ], [ -73.966361, 42.662611 ], [ -73.956657, 42.663215 ], [ -73.967812, 42.665224 ], [ -73.969417, 42.667104 ], [ -73.969563, 42.670383 ], [ -73.965157, 42.673264 ], [ -73.962685, 42.68031 ], [ -73.963805, 42.681866 ], [ -73.964061, 42.687521 ], [ -73.953246, 42.689113 ], [ -73.951449, 42.685446 ], [ -73.943145, 42.675767 ], [ -73.941692, 42.676443 ], [ -73.940823, 42.675723 ], [ -73.93452, 42.675439 ], [ -73.93354, 42.682931 ], [ -73.933692, 42.685306 ], [ -73.93513, 42.686039 ], [ -73.935036, 42.689019 ], [ -73.937489, 42.688461 ], [ -73.941921, 42.690251 ], [ -73.943646, 42.69175 ], [ -73.944343, 42.695414 ], [ -73.942429, 42.695583 ], [ -73.93886, 42.697929 ], [ -73.934137, 42.697756 ], [ -73.933845, 42.696634 ], [ -73.92867, 42.692578 ], [ -73.92977, 42.689979 ], [ -73.93227, 42.689479 ], [ -73.931471, 42.688079 ], [ -73.928971, 42.688179 ], [ -73.927571, 42.68998 ], [ -73.922772, 42.692081 ], [ -73.919341, 42.689597 ], [ -73.915288, 42.687847 ], [ -73.915308, 42.685616 ], [ -73.913664, 42.683588 ], [ -73.90994, 42.682499 ], [ -73.908443, 42.682939 ], [ -73.908322, 42.680846 ], [ -73.906228, 42.678765 ], [ -73.910794, 42.674355 ], [ -73.909299, 42.670613 ], [ -73.906399, 42.673914 ], [ -73.904649, 42.672708 ], [ -73.903627, 42.669659 ], [ -73.907684, 42.667959 ], [ -73.905208, 42.666342 ], [ -73.908626, 42.666115 ], [ -73.906503, 42.662632 ], [ -73.909923, 42.659935 ], [ -73.912981, 42.658505 ], [ -73.914899, 42.65847 ], [ -73.915271, 42.65754 ], [ -73.913855, 42.654586 ], [ -73.915522, 42.654428 ], [ -73.916577, 42.65138 ], [ -73.905456, 42.645688 ], [ -73.906291, 42.644184 ], [ -73.908917, 42.645098 ], [ -73.912864, 42.64317 ], [ -73.916872, 42.642461 ], [ -73.917297, 42.63907 ], [ -73.919228, 42.64015 ], [ -73.920338, 42.639839 ], [ -73.91788, 42.635102 ], [ -73.921538, 42.636332 ], [ -73.924946, 42.636552 ], [ -73.919811, 42.631083 ], [ -73.921581, 42.630359 ], [ -73.921681, 42.628617 ], [ -73.92915, 42.625767 ], [ -73.92911, 42.623411 ], [ -73.932587, 42.621561 ], [ -73.93116, 42.613115 ], [ -73.934434, 42.613602 ], [ -73.934441, 42.615722 ], [ -73.937531, 42.617227 ], [ -73.940203, 42.616949 ], [ -73.940259, 42.611657 ], [ -73.942779, 42.60781 ], [ -73.944124, 42.603432 ], [ -73.944321, 42.595678 ], [ -73.942468, 42.594708 ], [ -73.941995, 42.593633 ], [ -73.939867, 42.593237 ], [ -73.938423, 42.588753 ], [ -73.940149, 42.588144 ], [ -73.947718, 42.587525 ], [ -73.948089, 42.59082 ], [ -73.95139, 42.59337 ], [ -73.951941, 42.594778 ], [ -73.953564, 42.593988 ], [ -73.954899, 42.591519 ], [ -73.956897, 42.590832 ], [ -73.954248, 42.588677 ], [ -73.952657, 42.585446 ], [ -73.950922, 42.584234 ], [ -73.948744, 42.584324 ], [ -73.948222, 42.583045 ], [ -73.951172, 42.581379 ], [ -73.952662, 42.581537 ], [ -73.954094, 42.587402 ], [ -73.957905, 42.588333 ], [ -73.958941, 42.586613 ], [ -73.959962, 42.581056 ], [ -73.970481, 42.581649 ], [ -73.972615, 42.57922 ], [ -73.971467, 42.575578 ], [ -73.9735, 42.575427 ], [ -73.975806, 42.573022 ], [ -73.974739, 42.572278 ], [ -73.976413, 42.568274 ], [ -73.976158, 42.565101 ], [ -73.977023, 42.561831 ], [ -73.975062, 42.554025 ], [ -73.975913, 42.553829 ], [ -73.975133, 42.551623 ], [ -73.975878, 42.54899 ], [ -73.973602, 42.547943 ], [ -73.972507, 42.54352 ], [ -73.977832, 42.544316 ], [ -73.977961, 42.545441 ], [ -73.976322, 42.544973 ], [ -73.978442, 42.549746 ], [ -73.976064, 42.550019 ], [ -73.976902, 42.553918 ], [ -73.978455, 42.553647 ], [ -73.978923, 42.555596 ], [ -73.98823, 42.55437 ], [ -73.988307, 42.552217 ], [ -73.997652, 42.551067 ], [ -74.001036, 42.565627 ], [ -74.031728, 42.56182 ], [ -74.031461, 42.568372 ], [ -74.025838, 42.570679 ], [ -74.026713, 42.573609 ], [ -74.026387, 42.57856 ], [ -74.026786, 42.57968 ], [ -74.027711, 42.57792 ], [ -74.034064, 42.579836 ], [ -74.036415, 42.59005 ], [ -74.026555, 42.591258 ], [ -74.02592, 42.588419 ], [ -74.023539, 42.592502 ], [ -74.020249, 42.595632 ], [ -74.018026, 42.596431 ], [ -74.018945, 42.600535 ], [ -74.016606, 42.599866 ], [ -74.014529, 42.60223 ], [ -74.012203, 42.596796 ], [ -74.007964, 42.596398 ], [ -74.009295, 42.603964 ], [ -74.0137, 42.603308 ], [ -74.014828, 42.606078 ], [ -74.014323, 42.615497 ], [ -74.01272, 42.617692 ], [ -74.01752, 42.638246 ], [ -74.01925, 42.637346 ], [ -74.022757, 42.636986 ], [ -74.027956, 42.638235 ], [ -74.023423, 42.644726 ], [ -74.023165, 42.646063 ], [ -74.028393, 42.651239 ], [ -74.039231, 42.649646 ], [ -74.038865, 42.654476 ], [ -74.041327, 42.658138 ], [ -74.04128, 42.660078 ], [ -74.049241, 42.660913 ], [ -74.057345, 42.659314 ], [ -74.057527, 42.660069 ] ] ] } },
{ "type": "Feature", "properties": { "zcta": "12210" }, "geometry": { "type": "Polygon", "coordinates": [ [ [ -73.78028, 42.681758 ], [ -73.76961, 42.680156 ], [ -73.76397, 42.677544 ], [ -73.753959, 42.670584 ], [ -73.748878, 42.669535 ], [ -73.751862, 42.667545 ], [ -73.746788, 42.663991 ], [ -73.74654, 42.66194 ], [ -73.747405, 42.660192 ], [ -73.751128, 42.661714 ], [ -73.752319, 42.660013 ], [ -73.749825, 42.658166 ], [ -73.750031, 42.654244 ], [ -73.750563, 42.65456 ], [ -73.751621, 42.652998 ], [ -73.751091, 42.65224 ], [ -73.753637, 42.652932 ], [ -73.75541, 42.654322 ], [ -73.754656, 42.655127 ], [ -73.756806, 42.656376 ], [ -73.758125, 42.655141 ], [ -73.755992, 42.653938 ], [ -73.756909, 42.653053 ], [ -73.758982, 42.654273 ], [ -73.763362, 42.650008 ], [ -73.761956, 42.649191 ], [ -73.763713, 42.647597 ], [ -73.765206, 42.648286 ], [ -73.763815, 42.649574 ], [ -73.768078, 42.651449 ], [ -73.768642, 42.650248 ], [ -73.769528, 42.650751 ], [ -73.767713, 42.652439 ], [ -73.772078, 42.654939 ], [ -73.770367, 42.65599 ], [ -73.76743, 42.654487 ], [ -73.765377, 42.656507 ], [ -73.766351, 42.657091 ], [ -73.760179, 42.662273 ], [ -73.761081, 42.662775 ], [ -73.759425, 42.662979 ], [ -73.757573, 42.66558 ], [ -73.757012, 42.665246 ], [ -73.756117, 42.666067 ], [ -73.758246, 42.668564 ], [ -73.757072, 42.66966 ], [ -73.757528, 42.671134 ], [ -73.760076, 42.671271 ], [ -73.759948, 42.669681 ], [ -73.762396, 42.669736 ], [ -73.762259, 42.671554 ], [ -73.765391, 42.671837 ], [ -73.769081, 42.670958 ], [ -73.772353, 42.672263 ], [ -73.77202, 42.673064 ], [ -73.767746, 42.672168 ], [ -73.765761, 42.673472 ], [ -73.77113, 42.677139 ], [ -73.78028, 42.681758 ] ] ] } },
{ "type": "Feature", "properties": { "zcta": "12302" }, "geometry": { "type": "Polygon", "coordinates": [ [ [ -74.085978, 42.896281 ], [ -74.083883, 42.897354 ], [ -74.085148, 42.906226 ], [ -74.076823, 42.90551 ], [ -74.073687, 42.914937 ], [ -74.069652, 42.917078 ], [ -74.071677, 42.920269 ], [ -74.071776, 42.922622 ], [ -74.068132, 42.923784 ], [ -74.056098, 42.91758 ], [ -74.051256, 42.917988 ], [ -74.0492, 42.916292 ], [ -74.050298, 42.910351 ], [ -74.049054, 42.908418 ], [ -74.045442, 42.909053 ], [ -74.046109, 42.913791 ], [ -74.04056, 42.91437 ], [ -74.04027, 42.920417 ], [ -74.039481, 42.924727 ], [ -74.038693, 42.925557 ], [ -74.028791, 42.926323 ], [ -74.02673, 42.932091 ], [ -74.023645, 42.931702 ], [ -74.016225, 42.932877 ], [ -74.020063, 42.939034 ], [ -74.023533, 42.941068 ], [ -74.024735, 42.944938 ], [ -74.019449, 42.945344 ], [ -74.017414, 42.94604 ], [ -74.016316, 42.945411 ], [ -74.016494, 42.946363 ], [ -74.013301, 42.946296 ], [ -74.0085, 42.947174 ], [ -74.007245, 42.938245 ], [ -74.006178, 42.938066 ], [ -74.005424, 42.942927 ], [ -74.00632, 42.945712 ], [ -74.004163, 42.948524 ], [ -74.004355, 42.951339 ], [ -74.001908, 42.950368 ], [ -73.994786, 42.951044 ], [ -73.994513, 42.949014 ], [ -73.995965, 42.948675 ], [ -73.996398, 42.94537 ], [ -73.999919, 42.945029 ], [ -73.999348, 42.942107 ], [ -73.996684, 42.940468 ], [ -73.993198, 42.940766 ], [ -73.992731, 42.937784 ], [ -73.987425, 42.938208 ], [ -73.985292, 42.932226 ], [ -73.981996, 42.932457 ], [ -73.982797, 42.929892 ], [ -73.981571, 42.929262 ], [ -73.979458, 42.930628 ], [ -73.977698, 42.930907 ], [ -73.975683, 42.930165 ], [ -73.973789, 42.927302 ], [ -73.971332, 42.926005 ], [ -73.971044, 42.924745 ], [ -73.96726, 42.922227 ], [ -73.962717, 42.921514 ], [ -73.961488, 42.920185 ], [ -73.958785, 42.920118 ], [ -73.957549, 42.920654 ], [ -73.95625, 42.920097 ], [ -73.95597, 42.918405 ], [ -73.953466, 42.917253 ], [ -73.953432, 42.915339 ], [ -73.948967, 42.913652 ], [ -73.946778, 42.914251 ], [ -73.947452, 42.913474 ], [ -73.95147, 42.911897 ], [ -73.952693, 42.912453 ], [ -73.95359, 42.908527 ], [ -73.953104, 42.907643 ], [ -73.956325, 42.897744 ], [ -73.954315, 42.897432 ], [ -73.943803, 42.901481 ], [ -73.94121, 42.896411 ], [ -73.936921, 42.897843 ], [ -73.935039, 42.897665 ], [ -73.933367, 42.894549 ], [ -73.931467, 42.894363 ], [ -73.920017, 42.897711 ], [ -73.91611, 42.897682 ], [ -73.913387, 42.898699 ], [ -73.911198, 42.897882 ], [ -73.908759, 42.898861 ], [ -73.907297, 42.897371 ], [ -73.902452, 42.899124 ], [ -73.899373, 42.898564 ], [ -73.896476, 42.899611 ], [ -73.895605, 42.897615 ], [ -73.891991, 42.894459 ], [ -73.891274, 42.894996 ], [ -73.889309, 42.892553 ], [ -73.891129, 42.890336 ], [ -73.895035, 42.8904 ], [ -73.895952, 42.889269 ], [ -73.896364, 42.885457 ], [ -73.898179, 42.884257 ], [ -73.899616, 42.879337 ], [ -73.898029, 42.866728 ], [ -73.902843, 42.867152 ], [ -73.906413, 42.858087 ], [ -73.908345, 42.855003 ], [ -73.911364, 42.852036 ], [ -73.923997, 42.843038 ], [ -73.923496, 42.840647 ], [ -73.921085, 42.840634 ], [ -73.931369, 42.828575 ], [ -73.93587, 42.826675 ], [ -73.940165, 42.823677 ], [ -73.948823, 42.819886 ], [ -73.956621, 42.820896 ], [ -73.959736, 42.820606 ], [ -73.961452, 42.817895 ], [ -73.968617, 42.814719 ], [ -73.971059, 42.815115 ], [ -73.977332, 42.818225 ], [ -73.98165, 42.824745 ], [ -73.989154, 42.828424 ], [ -73.994508, 42.833746 ], [ -73.998, 42.8387 ], [ -73.99811, 42.841375 ], [ -74.000005, 42.842667 ], [ -74.002145, 42.848639 ], [ -74.004934, 42.849684 ], [ -74.008723, 42.849524 ], [ -74.012421, 42.848468 ], [ -74.016337, 42.848391 ], [ -74.022234, 42.852414 ], [ -74.022958, 42.85415 ], [ -74.020471, 42.859229 ], [ -74.021613, 42.861312 ], [ -74.03091, 42.8665 ], [ -74.031873, 42.870574 ], [ -74.037024, 42.875842 ], [ -74.044682, 42.879068 ], [ -74.047417, 42.88063 ], [ -74.049726, 42.883025 ], [ -74.053874, 42.885121 ], [ -74.056804, 42.884593 ], [ -74.060146, 42.882886 ], [ -74.062443, 42.882804 ], [ -74.067278, 42.885194 ], [ -74.071518, 42.889823 ], [ -74.077168, 42.892603 ], [ -74.08526, 42.894509 ], [ -74.085978, 42.896281 ] ] ] } },
{ "type": "Feature", "properties": { "zcta": "12204" }, "geometry": { "type": "Polygon", "coordinates": [ [ [ -73.753777, 42.670737 ], [ -73.750436, 42.67351 ], [ -73.752652, 42.674582 ], [ -73.751309, 42.676803 ], [ -73.751987, 42.680391 ], [ -73.750607, 42.680509 ], [ -73.750872, 42.681218 ], [ -73.747533, 42.675862 ], [ -73.743737, 42.677112 ], [ -73.743033, 42.679686 ], [ -73.745741, 42.680977 ], [ -73.746756, 42.682985 ], [ -73.743397, 42.682426 ], [ -73.742782, 42.684888 ], [ -73.7436, 42.686619 ], [ -73.748239, 42.686785 ], [ -73.750424, 42.68742 ], [ -73.750965, 42.689457 ], [ -73.749572, 42.690553 ], [ -73.751544, 42.695197 ], [ -73.747544, 42.694864 ], [ -73.747643, 42.69671 ], [ -73.741485, 42.696889 ], [ -73.743792, 42.695682 ], [ -73.742374, 42.694191 ], [ -73.74028, 42.693631 ], [ -73.739591, 42.696999 ], [ -73.738596, 42.698521 ], [ -73.737624, 42.698066 ], [ -73.735164, 42.700678 ], [ -73.734264, 42.703778 ], [ -73.731164, 42.703178 ], [ -73.729063, 42.706078 ], [ -73.724763, 42.705078 ], [ -73.723205, 42.703846 ], [ -73.720909, 42.708898 ], [ -73.718578, 42.708687 ], [ -73.714166, 42.706185 ], [ -73.710727, 42.707519 ], [ -73.703463, 42.705578 ], [ -73.702375, 42.70101 ], [ -73.706463, 42.694078 ], [ -73.716363, 42.682378 ], [ -73.729127, 42.665052 ], [ -73.739429, 42.656803 ], [ -73.741044, 42.657767 ], [ -73.738587, 42.659825 ], [ -73.733107, 42.667253 ], [ -73.736552, 42.669298 ], [ -73.739453, 42.670015 ], [ -73.741725, 42.666278 ], [ -73.740165, 42.665586 ], [ -73.741735, 42.662988 ], [ -73.744124, 42.663822 ], [ -73.743362, 42.665549 ], [ -73.745096, 42.669948 ], [ -73.750936, 42.669679 ], [ -73.753777, 42.670737 ] ] ] } },
{ "type": "Feature", "properties": { "zcta": "12147" }, "geometry": { "type": "Polygon", "coordinates": [ [ [ -74.217657, 42.50181 ], [ -74.216088, 42.504837 ], [ -74.211667, 42.505077 ], [ -74.209718, 42.507439 ], [ -74.20375, 42.506678 ], [ -74.202524, 42.507401 ], [ -74.204045, 42.508566 ], [ -74.203745, 42.513127 ], [ -74.206644, 42.516486 ], [ -74.20437, 42.51689 ], [ -74.202647, 42.518253 ], [ -74.203444, 42.521804 ], [ -74.20621, 42.522144 ], [ -74.208153, 42.51777 ], [ -74.210087, 42.519582 ], [ -74.210238, 42.520842 ], [ -74.213302, 42.521141 ], [ -74.211681, 42.524981 ], [ -74.204814, 42.531123 ], [ -74.206367, 42.530839 ], [ -74.208346, 42.53578 ], [ -74.21015, 42.537643 ], [ -74.197161, 42.541181 ], [ -74.166398, 42.545373 ], [ -74.151582, 42.546703 ], [ -74.15052, 42.543762 ], [ -74.15219, 42.543534 ], [ -74.151137, 42.541808 ], [ -74.147433, 42.538956 ], [ -74.144207, 42.533632 ], [ -74.137936, 42.528394 ], [ -74.12991, 42.531046 ], [ -74.127631, 42.53596 ], [ -74.128548, 42.538827 ], [ -74.127864, 42.540288 ], [ -74.121848, 42.540585 ], [ -74.119225, 42.539619 ], [ -74.116494, 42.539842 ], [ -74.108818, 42.538832 ], [ -74.103663, 42.536296 ], [ -74.09566, 42.535788 ], [ -74.093515, 42.526366 ], [ -74.103096, 42.52404 ], [ -74.107288, 42.520645 ], [ -74.112148, 42.520791 ], [ -74.11008, 42.511442 ], [ -74.108554, 42.512903 ], [ -74.104695, 42.512925 ], [ -74.10327, 42.515321 ], [ -74.100213, 42.515699 ], [ -74.099568, 42.511904 ], [ -74.102183, 42.50841 ], [ -74.10373, 42.507793 ], [ -74.102091, 42.500979 ], [ -74.100637, 42.501104 ], [ -74.09973, 42.497333 ], [ -74.101394, 42.493497 ], [ -74.095089, 42.494026 ], [ -74.093931, 42.48743 ], [ -74.100667, 42.486631 ], [ -74.099773, 42.48266 ], [ -74.100757, 42.48253 ], [ -74.099936, 42.478563 ], [ -74.102584, 42.478223 ], [ -74.107199, 42.498065 ], [ -74.10964, 42.491355 ], [ -74.112545, 42.488006 ], [ -74.114329, 42.484112 ], [ -74.118443, 42.480251 ], [ -74.123369, 42.477022 ], [ -74.124301, 42.475618 ], [ -74.140491, 42.473476 ], [ -74.141505, 42.471745 ], [ -74.141128, 42.470193 ], [ -74.143878, 42.4698 ], [ -74.144368, 42.472198 ], [ -74.142085, 42.474651 ], [ -74.146199, 42.492424 ], [ -74.147509, 42.493222 ], [ -74.15125, 42.491464 ], [ -74.152987, 42.489166 ], [ -74.156784, 42.486386 ], [ -74.160781, 42.48535 ], [ -74.166328, 42.485157 ], [ -74.166201, 42.491309 ], [ -74.167315, 42.4965 ], [ -74.177095, 42.495301 ], [ -74.178301, 42.500783 ], [ -74.181477, 42.50309 ], [ -74.189542, 42.500966 ], [ -74.192628, 42.499221 ], [ -74.203867, 42.499396 ], [ -74.216976, 42.497958 ], [ -74.217657, 42.50181 ] ] ] } },
{ "type": "Feature", "properties": { "zcta": "12053" }, "geometry": { "type": "Polygon", "coordinates": [ [ [ -74.271547, 42.73082 ], [ -74.266653, 42.738457 ], [ -74.264455, 42.740964 ], [ -74.261931, 42.741916 ], [ -74.262558, 42.742601 ], [ -74.265947, 42.743501 ], [ -74.268282, 42.743317 ], [ -74.267252, 42.744176 ], [ -74.259476, 42.742254 ], [ -74.252304, 42.7423 ], [ -74.243808, 42.740992 ], [ -74.247073, 42.757916 ], [ -74.246209, 42.759522 ], [ -74.245762, 42.764778 ], [ -74.246639, 42.771085 ], [ -74.246122, 42.772601 ], [ -74.241617, 42.776168 ], [ -74.238175, 42.775985 ], [ -74.232685, 42.777182 ], [ -74.233345, 42.780332 ], [ -74.236531, 42.780117 ], [ -74.235979, 42.780664 ], [ -74.243284, 42.781602 ], [ -74.246094, 42.781427 ], [ -74.247151, 42.782004 ], [ -74.246902, 42.784145 ], [ -74.248009, 42.787375 ], [ -74.253312, 42.790512 ], [ -74.253866, 42.795225 ], [ -74.255904, 42.796074 ], [ -74.260658, 42.795333 ], [ -74.263485, 42.79676 ], [ -74.264567, 42.799353 ], [ -74.260291, 42.800254 ], [ -74.258449, 42.80233 ], [ -74.254681, 42.802168 ], [ -74.252773, 42.80365 ], [ -74.249585, 42.803906 ], [ -74.246976, 42.805234 ], [ -74.24517, 42.796095 ], [ -74.240146, 42.791245 ], [ -74.237939, 42.790823 ], [ -74.232641, 42.791683 ], [ -74.230907, 42.799335 ], [ -74.229067, 42.802008 ], [ -74.223786, 42.805883 ], [ -74.218361, 42.808404 ], [ -74.223601, 42.813914 ], [ -74.22593, 42.819994 ], [ -74.23206, 42.81929 ], [ -74.237227, 42.820153 ], [ -74.241358, 42.819924 ], [ -74.256829, 42.812214 ], [ -74.258263, 42.813322 ], [ -74.26287, 42.823409 ], [ -74.262203, 42.823691 ], [ -74.262389, 42.829177 ], [ -74.259682, 42.833933 ], [ -74.254771, 42.83427 ], [ -74.252345, 42.835848 ], [ -74.250523, 42.835867 ], [ -74.250903, 42.829143 ], [ -74.250305, 42.828007 ], [ -74.2491, 42.828415 ], [ -74.238969, 42.827637 ], [ -74.232718, 42.828084 ], [ -74.230493, 42.825311 ], [ -74.207546, 42.836553 ], [ -74.204171, 42.818961 ], [ -74.197504, 42.819701 ], [ -74.198058, 42.821095 ], [ -74.196657, 42.825654 ], [ -74.198367, 42.830492 ], [ -74.19543, 42.828048 ], [ -74.195765, 42.823372 ], [ -74.194993, 42.821936 ], [ -74.192991, 42.820859 ], [ -74.186316, 42.820209 ], [ -74.182404, 42.819209 ], [ -74.182314, 42.818621 ], [ -74.175126, 42.819554 ], [ -74.170489, 42.818355 ], [ -74.167432, 42.818617 ], [ -74.164786, 42.817832 ], [ -74.162286, 42.818363 ], [ -74.156043, 42.81833 ], [ -74.156096, 42.815653 ], [ -74.146451, 42.815377 ], [ -74.142376, 42.813818 ], [ -74.144287, 42.822337 ], [ -74.142398, 42.822532 ], [ -74.141226, 42.823598 ], [ -74.135257, 42.823407 ], [ -74.132144, 42.824902 ], [ -74.123855, 42.826491 ], [ -74.120902, 42.827567 ], [ -74.122913, 42.829623 ], [ -74.11521, 42.831821 ], [ -74.110073, 42.804943 ], [ -74.122359, 42.802689 ], [ -74.124138, 42.803875 ], [ -74.128477, 42.809433 ], [ -74.131445, 42.811509 ], [ -74.141701, 42.809094 ], [ -74.143701, 42.805702 ], [ -74.143736, 42.804176 ], [ -74.139315, 42.804099 ], [ -74.138547, 42.799684 ], [ -74.147896, 42.798707 ], [ -74.147599, 42.795911 ], [ -74.152255, 42.795462 ], [ -74.151167, 42.789196 ], [ -74.151815, 42.788734 ], [ -74.153534, 42.789416 ], [ -74.157402, 42.788248 ], [ -74.158034, 42.786712 ], [ -74.157542, 42.784229 ], [ -74.152769, 42.786327 ], [ -74.146226, 42.787934 ], [ -74.144025, 42.789622 ], [ -74.144793, 42.786575 ], [ -74.144171, 42.782669 ], [ -74.156508, 42.778753 ], [ -74.155833, 42.773419 ], [ -74.151897, 42.770796 ], [ -74.15072, 42.76652 ], [ -74.148249, 42.764389 ], [ -74.157103, 42.763785 ], [ -74.163153, 42.764636 ], [ -74.168086, 42.763965 ], [ -74.16385, 42.764157 ], [ -74.157705, 42.762721 ], [ -74.15422, 42.759791 ], [ -74.148302, 42.757749 ], [ -74.146621, 42.757788 ], [ -74.14398, 42.761278 ], [ -74.14074, 42.762736 ], [ -74.138989, 42.761283 ], [ -74.140981, 42.760543 ], [ -74.140458, 42.759298 ], [ -74.138047, 42.757546 ], [ -74.141935, 42.754437 ], [ -74.144659, 42.75376 ], [ -74.139693, 42.750741 ], [ -74.129677, 42.74945 ], [ -74.126683, 42.745734 ], [ -74.123289, 42.743528 ], [ -74.120611, 42.74388 ], [ -74.119232, 42.742674 ], [ -74.113627, 42.740864 ], [ -74.11136, 42.7366 ], [ -74.111974, 42.735179 ], [ -74.117864, 42.731442 ], [ -74.120902, 42.730356 ], [ -74.119884, 42.726505 ], [ -74.105219, 42.725747 ], [ -74.112327, 42.724956 ], [ -74.113295, 42.723316 ], [ -74.107522, 42.724001 ], [ -74.10579, 42.717862 ], [ -74.100325, 42.716207 ], [ -74.098793, 42.714907 ], [ -74.095761, 42.71577 ], [ -74.088855, 42.714567 ], [ -74.082137, 42.715004 ], [ -74.080158, 42.714277 ], [ -74.082191, 42.714321 ], [ -74.084345, 42.713112 ], [ -74.087937, 42.713086 ], [ -74.090245, 42.711884 ], [ -74.091804, 42.711776 ], [ -74.092042, 42.710591 ], [ -74.095307, 42.70944 ], [ -74.097622, 42.70701 ], [ -74.100975, 42.704871 ], [ -74.101583, 42.705699 ], [ -74.115959, 42.7085 ], [ -74.119459, 42.709745 ], [ -74.121237, 42.709166 ], [ -74.121751, 42.708103 ], [ -74.123778, 42.706988 ], [ -74.123936, 42.705692 ], [ -74.129686, 42.703257 ], [ -74.128074, 42.69942 ], [ -74.122679, 42.694684 ], [ -74.131658, 42.68993 ], [ -74.129884, 42.684131 ], [ -74.139604, 42.682894 ], [ -74.140041, 42.684844 ], [ -74.147213, 42.683247 ], [ -74.147888, 42.686316 ], [ -74.162101, 42.683698 ], [ -74.168867, 42.681187 ], [ -74.169498, 42.690953 ], [ -74.175359, 42.690003 ], [ -74.174021, 42.686424 ], [ -74.172132, 42.684298 ], [ -74.179754, 42.683136 ], [ -74.182084, 42.682126 ], [ -74.184997, 42.682596 ], [ -74.183399, 42.683509 ], [ -74.189786, 42.687957 ], [ -74.210544, 42.686036 ], [ -74.2149, 42.68476 ], [ -74.217344, 42.682823 ], [ -74.219899, 42.688537 ], [ -74.219424, 42.689484 ], [ -74.216799, 42.690556 ], [ -74.217607, 42.691665 ], [ -74.210399, 42.695259 ], [ -74.209729, 42.696741 ], [ -74.210499, 42.699298 ], [ -74.202739, 42.701136 ], [ -74.202388, 42.701938 ], [ -74.218742, 42.700037 ], [ -74.223373, 42.70065 ], [ -74.24392, 42.698267 ], [ -74.242033, 42.702723 ], [ -74.242293, 42.705395 ], [ -74.245235, 42.704036 ], [ -74.251576, 42.703382 ], [ -74.254041, 42.698119 ], [ -74.255492, 42.697445 ], [ -74.25356, 42.702366 ], [ -74.258848, 42.702827 ], [ -74.252673, 42.71584 ], [ -74.259466, 42.715278 ], [ -74.261075, 42.716618 ], [ -74.261489, 42.721277 ], [ -74.265043, 42.720194 ], [ -74.267225, 42.731102 ], [ -74.271547, 42.73082 ] ] ] } },
{ "type": "Feature", "properties": { "zcta": "12309" }, "geometry": { "type": "Polygon", "coordinates": [ [ [ -73.918344, 42.839113 ], [ -73.91478, 42.840888 ], [ -73.917178, 42.843697 ], [ -73.915104, 42.844814 ], [ -73.910313, 42.845711 ], [ -73.907663, 42.846878 ], [ -73.903455, 42.849879 ], [ -73.899866, 42.850876 ], [ -73.895938, 42.851076 ], [ -73.887982, 42.850182 ], [ -73.881769, 42.850876 ], [ -73.879663, 42.848575 ], [ -73.875864, 42.834274 ], [ -73.866769, 42.828377 ], [ -73.858468, 42.819977 ], [ -73.852742, 42.811493 ], [ -73.845864, 42.804375 ], [ -73.841569, 42.797875 ], [ -73.83217, 42.793076 ], [ -73.829064, 42.790177 ], [ -73.828468, 42.784879 ], [ -73.827667, 42.783776 ], [ -73.822166, 42.780278 ], [ -73.809369, 42.778869 ], [ -73.809603, 42.775016 ], [ -73.813281, 42.774576 ], [ -73.815456, 42.771857 ], [ -73.819308, 42.773855 ], [ -73.824895, 42.772995 ], [ -73.819425, 42.769394 ], [ -73.823776, 42.767268 ], [ -73.824588, 42.76475 ], [ -73.823105, 42.760095 ], [ -73.823659, 42.755749 ], [ -73.818695, 42.754126 ], [ -73.819833, 42.753104 ], [ -73.820042, 42.751412 ], [ -73.81636, 42.745747 ], [ -73.817691, 42.74478 ], [ -73.819387, 42.740118 ], [ -73.820438, 42.739354 ], [ -73.82944, 42.738705 ], [ -73.83257, 42.739878 ], [ -73.837272, 42.743215 ], [ -73.843642, 42.743569 ], [ -73.842157, 42.746587 ], [ -73.843313, 42.747786 ], [ -73.846781, 42.747023 ], [ -73.847917, 42.749606 ], [ -73.847877, 42.75204 ], [ -73.850374, 42.752224 ], [ -73.850662, 42.752855 ], [ -73.847351, 42.75622 ], [ -73.846583, 42.758086 ], [ -73.855136, 42.759701 ], [ -73.855092, 42.76128 ], [ -73.858253, 42.761244 ], [ -73.858784, 42.7607 ], [ -73.861895, 42.761967 ], [ -73.860241, 42.764455 ], [ -73.858587, 42.765152 ], [ -73.858162, 42.76921 ], [ -73.872614, 42.767544 ], [ -73.867338, 42.770589 ], [ -73.86736, 42.771644 ], [ -73.872113, 42.769749 ], [ -73.874789, 42.771572 ], [ -73.873619, 42.772766 ], [ -73.874466, 42.773555 ], [ -73.880511, 42.775554 ], [ -73.881381, 42.776398 ], [ -73.88566, 42.77722 ], [ -73.887426, 42.77961 ], [ -73.889746, 42.781135 ], [ -73.890847, 42.7855 ], [ -73.893068, 42.78547 ], [ -73.893214, 42.789617 ], [ -73.897216, 42.796017 ], [ -73.901493, 42.794813 ], [ -73.904413, 42.792522 ], [ -73.907723, 42.795547 ], [ -73.911966, 42.794677 ], [ -73.914419, 42.793377 ], [ -73.915043, 42.793978 ], [ -73.913669, 42.796676 ], [ -73.916733, 42.797497 ], [ -73.914439, 42.79994 ], [ -73.916226, 42.802315 ], [ -73.913651, 42.803896 ], [ -73.916278, 42.806049 ], [ -73.913047, 42.808081 ], [ -73.912038, 42.80997 ], [ -73.908941, 42.812184 ], [ -73.908185, 42.811908 ], [ -73.907399, 42.816408 ], [ -73.90784, 42.8173 ], [ -73.902765, 42.822475 ], [ -73.903382, 42.822887 ], [ -73.902237, 42.82417 ], [ -73.904843, 42.82597 ], [ -73.906828, 42.824399 ], [ -73.908985, 42.825812 ], [ -73.9112, 42.82456 ], [ -73.912247, 42.825529 ], [ -73.911466, 42.827724 ], [ -73.913802, 42.828446 ], [ -73.915793, 42.829989 ], [ -73.914592, 42.831803 ], [ -73.911674, 42.833959 ], [ -73.913839, 42.834572 ], [ -73.913368, 42.835213 ], [ -73.918344, 42.839113 ] ] ] } },
{ "type": "Feature", "properties": { "zcta": "12469" }, "geometry": { "type": "Polygon", "coordinates": [ [ [ -74.328235, 42.459143 ], [ -74.32626, 42.460469 ], [ -74.325773, 42.461743 ], [ -74.3208, 42.462589 ], [ -74.315571, 42.46144 ], [ -74.315903, 42.464686 ], [ -74.310626, 42.464913 ], [ -74.309581, 42.466584 ], [ -74.309992, 42.467877 ], [ -74.308033, 42.469834 ], [ -74.308472, 42.472684 ], [ -74.30687, 42.474548 ], [ -74.30042, 42.474312 ], [ -74.289662, 42.473179 ], [ -74.285959, 42.470825 ], [ -74.288211, 42.468325 ], [ -74.28904, 42.466039 ], [ -74.284451, 42.461726 ], [ -74.284166, 42.458455 ], [ -74.28248, 42.458713 ], [ -74.250201, 42.452482 ], [ -74.244484, 42.470182 ], [ -74.241629, 42.472036 ], [ -74.236447, 42.485459 ], [ -74.230217, 42.492071 ], [ -74.227294, 42.497231 ], [ -74.225607, 42.498227 ], [ -74.223203, 42.49859 ], [ -74.220185, 42.498716 ], [ -74.216976, 42.497958 ], [ -74.203867, 42.499396 ], [ -74.192628, 42.499221 ], [ -74.189542, 42.500966 ], [ -74.181477, 42.50309 ], [ -74.178301, 42.500783 ], [ -74.176257, 42.491692 ], [ -74.181874, 42.490998 ], [ -74.182607, 42.488734 ], [ -74.182091, 42.48682 ], [ -74.183421, 42.486141 ], [ -74.184135, 42.484499 ], [ -74.182557, 42.481474 ], [ -74.183054, 42.479451 ], [ -74.18192, 42.478057 ], [ -74.18234, 42.471168 ], [ -74.181468, 42.470566 ], [ -74.182904, 42.465712 ], [ -74.182106, 42.464798 ], [ -74.181411, 42.46852 ], [ -74.174496, 42.46939 ], [ -74.174762, 42.465855 ], [ -74.174101, 42.463087 ], [ -74.17884, 42.4617 ], [ -74.181111, 42.459458 ], [ -74.182397, 42.456249 ], [ -74.183704, 42.456385 ], [ -74.1851, 42.454564 ], [ -74.18531, 42.454166 ], [ -74.180902, 42.454521 ], [ -74.181725, 42.453446 ], [ -74.180826, 42.449275 ], [ -74.186211, 42.44861 ], [ -74.185014, 42.444603 ], [ -74.193048, 42.443642 ], [ -74.19269, 42.442296 ], [ -74.195247, 42.441964 ], [ -74.193811, 42.436245 ], [ -74.194947, 42.435885 ], [ -74.194259, 42.433014 ], [ -74.192992, 42.433147 ], [ -74.19128, 42.425007 ], [ -74.193567, 42.42333 ], [ -74.196037, 42.423011 ], [ -74.189814, 42.418233 ], [ -74.184674, 42.418411 ], [ -74.18771, 42.417464 ], [ -74.198502, 42.415893 ], [ -74.198186, 42.414453 ], [ -74.194807, 42.414824 ], [ -74.194405, 42.409602 ], [ -74.188631, 42.406892 ], [ -74.188703, 42.404941 ], [ -74.190123, 42.404948 ], [ -74.190034, 42.402874 ], [ -74.203402, 42.402456 ], [ -74.203519, 42.403848 ], [ -74.207055, 42.403166 ], [ -74.207359, 42.403967 ], [ -74.211306, 42.401091 ], [ -74.212083, 42.405723 ], [ -74.215916, 42.406016 ], [ -74.21607, 42.406951 ], [ -74.219994, 42.407332 ], [ -74.220266, 42.4092 ], [ -74.22488, 42.408816 ], [ -74.225521, 42.408056 ], [ -74.225201, 42.405957 ], [ -74.237275, 42.404609 ], [ -74.238527, 42.403566 ], [ -74.245267, 42.4019 ], [ -74.250306, 42.401847 ], [ -74.251965, 42.400783 ], [ -74.247846, 42.387446 ], [ -74.252305, 42.385667 ], [ -74.257641, 42.385884 ], [ -74.268431, 42.391978 ], [ -74.267766, 42.39317 ], [ -74.26905, 42.3933 ], [ -74.270759, 42.395768 ], [ -74.273648, 42.396963 ], [ -74.274649, 42.398031 ], [ -74.274914, 42.399899 ], [ -74.273633, 42.400162 ], [ -74.274521, 42.405305 ], [ -74.275933, 42.405593 ], [ -74.277688, 42.409276 ], [ -74.278316, 42.414516 ], [ -74.28677, 42.41405 ], [ -74.287409, 42.419423 ], [ -74.295208, 42.41885 ], [ -74.296183, 42.425688 ], [ -74.297582, 42.42642 ], [ -74.298506, 42.432509 ], [ -74.312066, 42.431566 ], [ -74.312854, 42.437968 ], [ -74.327392, 42.437117 ], [ -74.329603, 42.456175 ], [ -74.328235, 42.459143 ] ] ] } },
{ "type": "Feature", "properties": { "zcta": "12041" }, "geometry": { "type": "MultiPolygon", "coordinates": [ [ [ [ -73.972615, 42.57922 ], [ -73.970481, 42.581649 ], [ -73.959962, 42.581056 ], [ -73.958941, 42.586613 ], [ -73.957905, 42.588333 ], [ -73.95629, 42.588293 ], [ -73.954094, 42.587402 ], [ -73.952662, 42.581537 ], [ -73.950152, 42.581393 ], [ -73.948553, 42.580419 ], [ -73.94739, 42.575446 ], [ -73.943449, 42.574544 ], [ -73.941672, 42.573147 ], [ -73.942393, 42.573101 ], [ -73.942045, 42.570364 ], [ -73.94459, 42.570546 ], [ -73.945784, 42.571719 ], [ -73.95059, 42.573394 ], [ -73.952778, 42.573467 ], [ -73.955424, 42.572693 ], [ -73.964898, 42.574699 ], [ -73.968286, 42.572427 ], [ -73.970945, 42.575051 ], [ -73.972081, 42.5754 ], [ -73.971467, 42.575578 ], [ -73.972615, 42.57922 ] ] ], [ [ [ -73.997652, 42.551067 ], [ -73.988307, 42.552217 ], [ -73.98823, 42.55437 ], [ -73.978923, 42.555596 ], [ -73.978455, 42.553647 ], [ -73.976902, 42.553918 ], [ -73.976064, 42.550019 ], [ -73.978442, 42.549746 ], [ -73.976322, 42.544973 ], [ -73.977961, 42.545441 ], [ -73.977832, 42.544316 ], [ -73.972507, 42.54352 ], [ -73.972258, 42.542268 ], [ -73.964736, 42.541624 ], [ -73.965328, 42.534504 ], [ -73.967332, 42.531183 ], [ -73.967102, 42.529369 ], [ -73.974092, 42.529091 ], [ -73.975523, 42.54272 ], [ -73.996274, 42.544868 ], [ -73.997652, 42.551067 ] ] ] ] } },
{ "type": "Feature", "properties": { "zcta": "12061" }, "geometry": { "type": "Polygon", "coordinates": [ [ [ -73.725161, 42.609219 ], [ -73.715745, 42.614969 ], [ -73.709571, 42.609749 ], [ -73.709008, 42.612189 ], [ -73.707149, 42.614046 ], [ -73.708036, 42.615365 ], [ -73.703427, 42.616068 ], [ -73.70274, 42.619618 ], [ -73.702035, 42.619518 ], [ -73.700604, 42.6258 ], [ -73.701006, 42.63105 ], [ -73.699545, 42.630877 ], [ -73.699394, 42.632138 ], [ -73.697567, 42.633357 ], [ -73.69353, 42.633623 ], [ -73.692134, 42.639229 ], [ -73.679719, 42.639173 ], [ -73.677936, 42.640577 ], [ -73.674016, 42.640132 ], [ -73.671936, 42.640654 ], [ -73.663676, 42.640809 ], [ -73.659117, 42.640149 ], [ -73.659248, 42.634786 ], [ -73.65732, 42.63548 ], [ -73.654808, 42.634585 ], [ -73.651008, 42.630758 ], [ -73.652151, 42.629675 ], [ -73.652983, 42.626869 ], [ -73.652968, 42.623113 ], [ -73.652016, 42.620909 ], [ -73.649418, 42.620267 ], [ -73.649084, 42.618836 ], [ -73.64678, 42.61851 ], [ -73.646727, 42.620237 ], [ -73.645172, 42.620887 ], [ -73.643935, 42.619645 ], [ -73.640214, 42.620508 ], [ -73.638086, 42.617977 ], [ -73.637702, 42.616182 ], [ -73.639421, 42.612752 ], [ -73.641356, 42.61136 ], [ -73.64098, 42.607759 ], [ -73.637615, 42.605658 ], [ -73.633708, 42.604345 ], [ -73.63012, 42.601838 ], [ -73.622749, 42.600128 ], [ -73.622738, 42.600606 ], [ -73.613753, 42.602007 ], [ -73.613404, 42.605071 ], [ -73.608325, 42.603562 ], [ -73.607815, 42.60577 ], [ -73.606235, 42.604946 ], [ -73.605356, 42.608419 ], [ -73.600557, 42.608545 ], [ -73.600883, 42.6009 ], [ -73.58967, 42.593562 ], [ -73.584518, 42.591847 ], [ -73.588586, 42.574134 ], [ -73.594238, 42.573745 ], [ -73.597687, 42.572914 ], [ -73.595393, 42.568673 ], [ -73.595247, 42.564783 ], [ -73.596234, 42.561595 ], [ -73.596984, 42.561546 ], [ -73.595977, 42.564091 ], [ -73.596359, 42.564911 ], [ -73.598698, 42.56443 ], [ -73.604429, 42.561617 ], [ -73.605539, 42.566325 ], [ -73.607468, 42.566308 ], [ -73.608454, 42.570294 ], [ -73.615355, 42.567219 ], [ -73.617907, 42.564532 ], [ -73.62456, 42.564027 ], [ -73.627688, 42.56323 ], [ -73.629854, 42.563627 ], [ -73.626569, 42.569164 ], [ -73.627838, 42.569732 ], [ -73.626966, 42.571433 ], [ -73.631392, 42.573331 ], [ -73.631416, 42.571803 ], [ -73.633474, 42.569116 ], [ -73.637988, 42.574473 ], [ -73.65561, 42.569907 ], [ -73.66836, 42.577035 ], [ -73.666219, 42.580344 ], [ -73.664295, 42.580163 ], [ -73.66514, 42.581363 ], [ -73.662543, 42.582489 ], [ -73.663177, 42.584451 ], [ -73.667751, 42.58432 ], [ -73.668923, 42.586191 ], [ -73.677634, 42.585117 ], [ -73.679694, 42.584251 ], [ -73.680203, 42.581931 ], [ -73.685509, 42.578655 ], [ -73.6917, 42.580499 ], [ -73.692017, 42.581102 ], [ -73.69283, 42.578918 ], [ -73.691166, 42.579351 ], [ -73.691307, 42.577763 ], [ -73.697321, 42.576759 ], [ -73.699495, 42.58256 ], [ -73.704122, 42.582255 ], [ -73.703722, 42.58401 ], [ -73.708001, 42.583574 ], [ -73.708068, 42.581763 ], [ -73.714317, 42.580985 ], [ -73.715156, 42.582222 ], [ -73.714237, 42.588228 ], [ -73.715887, 42.588718 ], [ -73.715564, 42.593981 ], [ -73.712176, 42.596713 ], [ -73.716338, 42.602311 ], [ -73.716064, 42.603887 ], [ -73.718008, 42.604869 ], [ -73.716047, 42.606592 ], [ -73.717465, 42.608046 ], [ -73.719417, 42.608387 ], [ -73.722553, 42.607169 ], [ -73.725161, 42.609219 ] ] ] } },
{ "type": "Feature", "properties": { "zcta": "12020" }, "geometry": { "type": "Polygon", "coordinates": [ [ [ -74.009182, 43.009342 ], [ -73.987277, 43.011023 ], [ -73.989414, 43.027305 ], [ -73.986757, 43.027448 ], [ -73.98598, 43.028138 ], [ -73.980057, 43.027198 ], [ -73.979863, 43.028659 ], [ -73.977266, 43.029453 ], [ -73.977291, 43.030757 ], [ -73.975412, 43.031136 ], [ -73.972169, 43.033839 ], [ -73.972228, 43.036884 ], [ -73.970519, 43.037133 ], [ -73.968692, 43.039155 ], [ -73.966714, 43.039847 ], [ -73.964656, 43.041638 ], [ -73.961581, 43.042176 ], [ -73.959248, 43.044757 ], [ -73.95571, 43.045012 ], [ -73.953867, 43.044178 ], [ -73.953238, 43.04607 ], [ -73.949781, 43.044444 ], [ -73.949966, 43.041429 ], [ -73.937838, 43.047473 ], [ -73.936122, 43.050087 ], [ -73.933397, 43.04608 ], [ -73.927813, 43.045921 ], [ -73.922288, 43.041708 ], [ -73.921314, 43.040019 ], [ -73.917788, 43.042297 ], [ -73.919059, 43.051304 ], [ -73.917964, 43.052719 ], [ -73.912528, 43.056544 ], [ -73.909061, 43.056833 ], [ -73.906705, 43.0584 ], [ -73.906063, 43.059961 ], [ -73.908754, 43.063391 ], [ -73.904011, 43.065885 ], [ -73.903291, 43.062421 ], [ -73.897052, 43.06304 ], [ -73.897336, 43.065255 ], [ -73.890228, 43.065908 ], [ -73.890943, 43.068877 ], [ -73.881059, 43.069969 ], [ -73.876122, 43.072619 ], [ -73.872822, 43.072944 ], [ -73.872416, 43.071499 ], [ -73.869144, 43.069502 ], [ -73.868634, 43.066439 ], [ -73.86176, 43.066865 ], [ -73.86194, 43.068224 ], [ -73.861102, 43.068284 ], [ -73.860623, 43.070132 ], [ -73.857139, 43.070412 ], [ -73.85664, 43.069059 ], [ -73.852851, 43.069494 ], [ -73.851216, 43.067502 ], [ -73.849502, 43.067282 ], [ -73.849664, 43.064849 ], [ -73.844904, 43.064958 ], [ -73.838091, 43.02257 ], [ -73.836955, 43.022324 ], [ -73.832966, 43.027138 ], [ -73.820298, 43.038886 ], [ -73.818382, 43.042812 ], [ -73.812665, 43.048723 ], [ -73.809132, 43.056061 ], [ -73.807556, 43.0578 ], [ -73.808157, 43.056209 ], [ -73.806628, 43.054618 ], [ -73.80523, 43.051044 ], [ -73.802917, 43.049758 ], [ -73.802539, 43.048772 ], [ -73.803347, 43.046208 ], [ -73.802796, 43.044462 ], [ -73.801124, 43.042992 ], [ -73.807134, 43.042668 ], [ -73.810682, 43.039528 ], [ -73.810735, 43.037652 ], [ -73.811686, 43.036345 ], [ -73.810202, 43.03534 ], [ -73.808307, 43.035243 ], [ -73.807629, 43.034297 ], [ -73.798906, 43.033474 ], [ -73.794458, 43.032259 ], [ -73.793116, 43.033052 ], [ -73.793968, 43.034335 ], [ -73.791627, 43.033891 ], [ -73.792569, 43.031294 ], [ -73.790586, 43.031288 ], [ -73.780685, 43.037394 ], [ -73.777269, 43.042159 ], [ -73.773918, 43.042057 ], [ -73.771047, 43.043657 ], [ -73.768068, 43.042025 ], [ -73.756664, 43.040231 ], [ -73.756154, 43.040504 ], [ -73.756993, 43.042194 ], [ -73.756052, 43.042782 ], [ -73.754115, 43.042079 ], [ -73.753978, 43.043853 ], [ -73.751847, 43.043272 ], [ -73.749262, 43.040755 ], [ -73.74647, 43.040229 ], [ -73.743522, 43.042126 ], [ -73.742759, 43.04008 ], [ -73.740992, 43.039473 ], [ -73.737238, 43.040588 ], [ -73.736528, 43.0401 ], [ -73.737777, 43.037225 ], [ -73.740213, 43.03717 ], [ -73.742874, 43.034832 ], [ -73.744826, 43.03533 ], [ -73.74963, 43.035224 ], [ -73.752058, 43.034447 ], [ -73.752148, 43.029598 ], [ -73.750482, 43.027047 ], [ -73.751392, 43.024219 ], [ -73.753307, 43.023237 ], [ -73.75471, 43.020952 ], [ -73.758104, 43.018585 ], [ -73.762399, 43.016757 ], [ -73.764588, 43.013649 ], [ -73.764671, 43.011457 ], [ -73.763172, 43.00835 ], [ -73.766566, 43.000001 ], [ -73.765627, 42.997959 ], [ -73.762964, 42.996461 ], [ -73.761425, 42.996269 ], [ -73.76217, 42.99299 ], [ -73.758186, 42.988308 ], [ -73.758806, 42.987013 ], [ -73.752616, 42.9848 ], [ -73.746523, 42.984397 ], [ -73.75437, 42.956165 ], [ -73.758818, 42.955552 ], [ -73.764289, 42.956383 ], [ -73.770351, 42.954601 ], [ -73.776121, 42.954554 ], [ -73.776853, 42.957111 ], [ -73.776172, 42.958825 ], [ -73.779914, 42.960837 ], [ -73.788726, 42.963324 ], [ -73.791439, 42.9632 ], [ -73.790917, 42.960506 ], [ -73.796873, 42.95985 ], [ -73.796875, 42.961366 ], [ -73.79532, 42.962567 ], [ -73.79967, 42.96121 ], [ -73.800542, 42.956672 ], [ -73.799679, 42.955782 ], [ -73.795069, 42.956028 ], [ -73.795273, 42.957839 ], [ -73.790346, 42.957906 ], [ -73.78989, 42.955716 ], [ -73.792581, 42.955467 ], [ -73.792563, 42.952548 ], [ -73.800747, 42.952023 ], [ -73.803189, 42.952982 ], [ -73.810436, 42.95949 ], [ -73.810392, 42.958949 ], [ -73.814333, 42.959502 ], [ -73.815394, 42.957799 ], [ -73.816435, 42.95856 ], [ -73.81809, 42.95833 ], [ -73.820705, 42.959578 ], [ -73.822343, 42.961356 ], [ -73.82083, 42.961971 ], [ -73.820655, 42.963474 ], [ -73.819738, 42.963793 ], [ -73.821122, 42.966009 ], [ -73.822197, 42.965519 ], [ -73.826226, 42.968139 ], [ -73.825248, 42.968663 ], [ -73.828169, 42.970148 ], [ -73.830745, 42.969824 ], [ -73.833239, 42.969425 ], [ -73.836376, 42.967313 ], [ -73.851211, 42.96598 ], [ -73.855975, 42.95673 ], [ -73.865623, 42.955924 ], [ -73.865837, 42.952277 ], [ -73.867924, 42.948544 ], [ -73.875645, 42.947448 ], [ -73.875502, 42.94627 ], [ -73.880994, 42.945923 ], [ -73.880947, 42.946666 ], [ -73.892337, 42.945619 ], [ -73.892704, 42.947873 ], [ -73.897226, 42.947471 ], [ -73.897683, 42.950515 ], [ -73.90053, 42.951018 ], [ -73.900722, 42.952364 ], [ -73.904605, 42.951752 ], [ -73.909612, 42.948513 ], [ -73.916893, 42.946588 ], [ -73.918533, 42.941747 ], [ -73.920463, 42.939762 ], [ -73.928787, 42.934983 ], [ -73.935036, 42.932889 ], [ -73.937673, 42.933713 ], [ -73.940553, 42.936075 ], [ -73.949087, 42.935286 ], [ -73.951057, 42.936518 ], [ -73.951982, 42.9412 ], [ -73.951605, 42.944416 ], [ -73.953773, 42.949961 ], [ -73.957897, 42.953034 ], [ -73.957824, 42.955641 ], [ -73.959288, 42.956585 ], [ -73.961608, 42.974181 ], [ -73.966069, 42.973868 ], [ -73.966517, 42.97619 ], [ -73.971409, 42.974354 ], [ -73.976461, 42.974027 ], [ -73.978595, 42.98739 ], [ -73.979078, 42.988335 ], [ -73.983758, 42.991378 ], [ -73.984327, 42.994759 ], [ -73.988534, 42.994069 ], [ -73.990583, 42.992778 ], [ -73.999745, 42.992596 ], [ -74.000845, 42.993471 ], [ -74.001624, 42.999109 ], [ -74.007096, 42.998893 ], [ -74.009182, 43.009342 ] ] ] } },
{ "type": "Feature", "properties": { "zcta": "12047" }, "geometry": { "type": "Polygon", "coordinates": [ [ [ -73.770527, 42.776658 ], [ -73.767511, 42.776493 ], [ -73.768434, 42.779318 ], [ -73.767052, 42.784466 ], [ -73.76358, 42.786263 ], [ -73.76091, 42.791016 ], [ -73.761496, 42.791579 ], [ -73.758466, 42.795276 ], [ -73.750165, 42.801376 ], [ -73.748365, 42.805276 ], [ -73.737663, 42.818877 ], [ -73.731669, 42.821305 ], [ -73.726663, 42.822577 ], [ -73.722663, 42.820677 ], [ -73.721363, 42.813077 ], [ -73.716663, 42.808177 ], [ -73.720363, 42.804177 ], [ -73.719863, 42.801277 ], [ -73.711363, 42.795177 ], [ -73.708963, 42.787677 ], [ -73.70359, 42.78286 ], [ -73.697862, 42.778777 ], [ -73.690262, 42.775477 ], [ -73.688362, 42.775477 ], [ -73.687262, 42.777077 ], [ -73.683457, 42.779112 ], [ -73.681162, 42.782977 ], [ -73.676762, 42.783277 ], [ -73.683269, 42.767949 ], [ -73.684362, 42.760778 ], [ -73.687604, 42.760655 ], [ -73.692362, 42.758278 ], [ -73.694562, 42.759078 ], [ -73.695635, 42.758634 ], [ -73.697262, 42.757085 ], [ -73.698857, 42.751143 ], [ -73.705258, 42.752219 ], [ -73.702964, 42.75788 ], [ -73.709628, 42.760984 ], [ -73.731717, 42.765997 ], [ -73.736265, 42.763775 ], [ -73.737023, 42.763875 ], [ -73.737613, 42.765193 ], [ -73.740464, 42.764079 ], [ -73.741002, 42.765252 ], [ -73.744097, 42.765271 ], [ -73.749825, 42.762765 ], [ -73.753847, 42.762453 ], [ -73.75433, 42.767059 ], [ -73.753201, 42.771958 ], [ -73.75531, 42.776819 ], [ -73.760835, 42.776259 ], [ -73.765646, 42.774797 ], [ -73.76982, 42.775201 ], [ -73.770527, 42.776658 ] ] ] } },
{ "type": "Feature", "properties": { "zcta": "12831" }, "geometry": { "type": "Polygon", "coordinates": [ [ [ -73.785245, 43.195947 ], [ -73.748056, 43.199424 ], [ -73.763515, 43.22539 ], [ -73.761217, 43.230699 ], [ -73.759517, 43.232461 ], [ -73.753412, 43.235726 ], [ -73.743957, 43.242717 ], [ -73.741785, 43.246047 ], [ -73.741141, 43.249382 ], [ -73.739934, 43.251303 ], [ -73.738883, 43.25096 ], [ -73.736718, 43.25416 ], [ -73.73861, 43.259979 ], [ -73.738324, 43.265491 ], [ -73.736463, 43.267011 ], [ -73.730288, 43.269292 ], [ -73.728214, 43.268035 ], [ -73.72524, 43.27054 ], [ -73.722568, 43.271094 ], [ -73.72166, 43.270164 ], [ -73.720175, 43.270949 ], [ -73.72027, 43.272161 ], [ -73.718232, 43.271874 ], [ -73.715208, 43.272658 ], [ -73.717599, 43.269334 ], [ -73.716825, 43.265905 ], [ -73.717517, 43.265718 ], [ -73.714323, 43.260693 ], [ -73.710795, 43.261822 ], [ -73.705229, 43.262084 ], [ -73.696614, 43.263431 ], [ -73.69336, 43.262762 ], [ -73.693655, 43.261877 ], [ -73.6926, 43.260482 ], [ -73.690342, 43.261301 ], [ -73.690134, 43.262163 ], [ -73.686249, 43.261823 ], [ -73.678425, 43.258965 ], [ -73.673557, 43.251288 ], [ -73.675038, 43.250511 ], [ -73.676025, 43.248667 ], [ -73.67432, 43.247763 ], [ -73.670485, 43.250231 ], [ -73.66987, 43.249849 ], [ -73.668215, 43.241249 ], [ -73.657229, 43.24271 ], [ -73.657667, 43.245101 ], [ -73.652377, 43.245624 ], [ -73.652899, 43.249053 ], [ -73.649789, 43.249239 ], [ -73.6465, 43.250384 ], [ -73.645103, 43.25155 ], [ -73.643461, 43.251706 ], [ -73.646671, 43.24426 ], [ -73.644194, 43.24242 ], [ -73.642396, 43.244583 ], [ -73.640004, 43.242106 ], [ -73.640023, 43.240968 ], [ -73.629482, 43.241983 ], [ -73.628275, 43.244117 ], [ -73.626089, 43.24427 ], [ -73.628879, 43.238852 ], [ -73.628093, 43.235686 ], [ -73.62618, 43.236959 ], [ -73.625179, 43.238623 ], [ -73.622375, 43.238818 ], [ -73.621652, 43.240933 ], [ -73.620027, 43.240766 ], [ -73.619066, 43.239781 ], [ -73.616878, 43.239736 ], [ -73.614477, 43.235171 ], [ -73.616537, 43.234576 ], [ -73.613713, 43.232111 ], [ -73.614267, 43.229803 ], [ -73.613152, 43.229476 ], [ -73.611776, 43.230326 ], [ -73.608929, 43.22908 ], [ -73.607896, 43.227296 ], [ -73.60578, 43.226393 ], [ -73.604912, 43.22753 ], [ -73.602801, 43.228298 ], [ -73.600837, 43.227964 ], [ -73.599192, 43.226437 ], [ -73.59758, 43.228966 ], [ -73.595282, 43.228008 ], [ -73.594253, 43.229929 ], [ -73.592695, 43.231087 ], [ -73.589993, 43.230198 ], [ -73.587022, 43.226614 ], [ -73.584985, 43.220792 ], [ -73.582592, 43.218454 ], [ -73.583078, 43.215652 ], [ -73.581357, 43.215804 ], [ -73.579464, 43.210677 ], [ -73.579279, 43.208906 ], [ -73.583197, 43.202268 ], [ -73.585705, 43.19312 ], [ -73.585532, 43.191139 ], [ -73.582346, 43.189643 ], [ -73.581003, 43.18249 ], [ -73.583836, 43.176844 ], [ -73.588642, 43.173026 ], [ -73.589836, 43.170472 ], [ -73.589183, 43.168159 ], [ -73.587743, 43.166793 ], [ -73.583827, 43.166131 ], [ -73.583102, 43.164703 ], [ -73.583983, 43.162824 ], [ -73.583651, 43.161677 ], [ -73.581649, 43.159151 ], [ -73.580254, 43.155539 ], [ -73.582494, 43.15593 ], [ -73.583754, 43.15812 ], [ -73.583886, 43.160439 ], [ -73.584994, 43.161572 ], [ -73.584438, 43.16552 ], [ -73.585734, 43.166019 ], [ -73.588976, 43.164793 ], [ -73.590821, 43.163237 ], [ -73.589201, 43.160424 ], [ -73.611452, 43.158306 ], [ -73.613697, 43.177454 ], [ -73.617069, 43.1775 ], [ -73.623637, 43.17643 ], [ -73.624483, 43.175488 ], [ -73.624354, 43.168876 ], [ -73.626637, 43.168895 ], [ -73.630137, 43.166777 ], [ -73.630933, 43.167071 ], [ -73.631341, 43.159966 ], [ -73.633671, 43.153068 ], [ -73.631887, 43.151084 ], [ -73.631344, 43.147758 ], [ -73.63742, 43.147198 ], [ -73.636979, 43.144275 ], [ -73.654402, 43.142577 ], [ -73.655934, 43.139032 ], [ -73.660294, 43.138584 ], [ -73.664738, 43.139974 ], [ -73.665899, 43.146957 ], [ -73.670899, 43.145405 ], [ -73.673197, 43.136352 ], [ -73.680983, 43.136312 ], [ -73.679442, 43.140789 ], [ -73.690867, 43.149058 ], [ -73.693695, 43.150263 ], [ -73.693171, 43.152078 ], [ -73.695616, 43.151973 ], [ -73.697263, 43.152718 ], [ -73.701139, 43.147519 ], [ -73.701506, 43.149785 ], [ -73.707298, 43.149302 ], [ -73.707668, 43.15145 ], [ -73.710427, 43.151243 ], [ -73.710807, 43.15368 ], [ -73.713651, 43.153669 ], [ -73.711551, 43.149939 ], [ -73.722278, 43.148851 ], [ -73.721223, 43.14107 ], [ -73.72644, 43.140511 ], [ -73.727346, 43.145134 ], [ -73.731751, 43.135041 ], [ -73.73905, 43.124964 ], [ -73.744126, 43.125757 ], [ -73.744358, 43.127216 ], [ -73.747922, 43.127471 ], [ -73.748136, 43.12919 ], [ -73.744586, 43.129676 ], [ -73.743696, 43.128084 ], [ -73.73888, 43.12872 ], [ -73.738531, 43.129769 ], [ -73.73962, 43.130233 ], [ -73.74444, 43.136853 ], [ -73.746547, 43.137088 ], [ -73.747823, 43.139453 ], [ -73.751505, 43.136573 ], [ -73.752845, 43.133229 ], [ -73.756329, 43.130995 ], [ -73.755773, 43.130516 ], [ -73.756661, 43.128822 ], [ -73.761974, 43.126242 ], [ -73.760817, 43.124877 ], [ -73.760925, 43.123576 ], [ -73.763807, 43.123117 ], [ -73.765856, 43.123895 ], [ -73.765907, 43.124966 ], [ -73.76813, 43.123591 ], [ -73.770503, 43.113641 ], [ -73.772316, 43.113735 ], [ -73.773712, 43.113016 ], [ -73.779421, 43.148598 ], [ -73.775027, 43.149057 ], [ -73.77318, 43.15027 ], [ -73.773068, 43.153059 ], [ -73.774029, 43.153981 ], [ -73.780639, 43.155711 ], [ -73.783949, 43.174982 ], [ -73.778452, 43.178358 ], [ -73.786902, 43.193 ], [ -73.785245, 43.195947 ] ] ] } },
{ "type": "Feature", "properties": { "zcta": "12140" }, "geometry": { "type": "Polygon", "coordinates": [ [ [ -73.609539, 42.688929 ], [ -73.605701, 42.692524 ], [ -73.59579, 42.693303 ], [ -73.598484, 42.694176 ], [ -73.597236, 42.700148 ], [ -73.594963, 42.701157 ], [ -73.5958, 42.703644 ], [ -73.595062, 42.705025 ], [ -73.573917, 42.707766 ], [ -73.569875, 42.706266 ], [ -73.565652, 42.705857 ], [ -73.564802, 42.703283 ], [ -73.562051, 42.703013 ], [ -73.562834, 42.706557 ], [ -73.560393, 42.709287 ], [ -73.537105, 42.712194 ], [ -73.538027, 42.707993 ], [ -73.540752, 42.707602 ], [ -73.545025, 42.691469 ], [ -73.540396, 42.689305 ], [ -73.538842, 42.685993 ], [ -73.541255, 42.682051 ], [ -73.539561, 42.678203 ], [ -73.54456, 42.677179 ], [ -73.543672, 42.666812 ], [ -73.544901, 42.657798 ], [ -73.549345, 42.657358 ], [ -73.550154, 42.661469 ], [ -73.548361, 42.666848 ], [ -73.556426, 42.66871 ], [ -73.563815, 42.662449 ], [ -73.568391, 42.664303 ], [ -73.569097, 42.665576 ], [ -73.572706, 42.667474 ], [ -73.574795, 42.667628 ], [ -73.575977, 42.66537 ], [ -73.578367, 42.66614 ], [ -73.576727, 42.66769 ], [ -73.572182, 42.66954 ], [ -73.570773, 42.670716 ], [ -73.571314, 42.672181 ], [ -73.574206, 42.673875 ], [ -73.573307, 42.675221 ], [ -73.575781, 42.680995 ], [ -73.579518, 42.683203 ], [ -73.57996, 42.685038 ], [ -73.589604, 42.681619 ], [ -73.59609, 42.685955 ], [ -73.598261, 42.684036 ], [ -73.598888, 42.682458 ], [ -73.596379, 42.679233 ], [ -73.598228, 42.677753 ], [ -73.599367, 42.678383 ], [ -73.597787, 42.679424 ], [ -73.598913, 42.680844 ], [ -73.60034, 42.680082 ], [ -73.602505, 42.680485 ], [ -73.60539, 42.683737 ], [ -73.604469, 42.68549 ], [ -73.608426, 42.687573 ], [ -73.609539, 42.688929 ] ] ] } },
{ "type": "Feature", "properties": { "zcta": "12151" }, "geometry": { "type": "Polygon", "coordinates": [ [ [ -73.803929, 42.95088 ], [ -73.801066, 42.949199 ], [ -73.797873, 42.948937 ], [ -73.794489, 42.945415 ], [ -73.792101, 42.944181 ], [ -73.790995, 42.941433 ], [ -73.789301, 42.941354 ], [ -73.788921, 42.939674 ], [ -73.787818, 42.940338 ], [ -73.786264, 42.938876 ], [ -73.788165, 42.937276 ], [ -73.787565, 42.933876 ], [ -73.783164, 42.928976 ], [ -73.77577, 42.929547 ], [ -73.774536, 42.915874 ], [ -73.771922, 42.915707 ], [ -73.769652, 42.916568 ], [ -73.769665, 42.915092 ], [ -73.76779, 42.915309 ], [ -73.771778, 42.910589 ], [ -73.769321, 42.909426 ], [ -73.771284, 42.907157 ], [ -73.77062, 42.904674 ], [ -73.772281, 42.903083 ], [ -73.773467, 42.903526 ], [ -73.773892, 42.90782 ], [ -73.77655, 42.904238 ], [ -73.779666, 42.906305 ], [ -73.790846, 42.911065 ], [ -73.793688, 42.913204 ], [ -73.799825, 42.92288 ], [ -73.799751, 42.924261 ], [ -73.79651, 42.926746 ], [ -73.80202, 42.925965 ], [ -73.805188, 42.944271 ], [ -73.803929, 42.95088 ] ] ] } },
{ "type": "Feature", "properties": { "zcta": "12159" }, "geometry": { "type": "Polygon", "coordinates": [ [ [ -73.932587, 42.621561 ], [ -73.92911, 42.623411 ], [ -73.92915, 42.625767 ], [ -73.921681, 42.628617 ], [ -73.921581, 42.630359 ], [ -73.919811, 42.631083 ], [ -73.924946, 42.636552 ], [ -73.921538, 42.636332 ], [ -73.91788, 42.635102 ], [ -73.920338, 42.639839 ], [ -73.919228, 42.64015 ], [ -73.917297, 42.63907 ], [ -73.916872, 42.642461 ], [ -73.912864, 42.64317 ], [ -73.908917, 42.645098 ], [ -73.906291, 42.644184 ], [ -73.905456, 42.645688 ], [ -73.916577, 42.65138 ], [ -73.915522, 42.654428 ], [ -73.913855, 42.654586 ], [ -73.915271, 42.65754 ], [ -73.914899, 42.65847 ], [ -73.912981, 42.658505 ], [ -73.909923, 42.659935 ], [ -73.906503, 42.662632 ], [ -73.908626, 42.666115 ], [ -73.905208, 42.666342 ], [ -73.907684, 42.667959 ], [ -73.903627, 42.669659 ], [ -73.904649, 42.672708 ], [ -73.906399, 42.673914 ], [ -73.909299, 42.670613 ], [ -73.910794, 42.674355 ], [ -73.906228, 42.678765 ], [ -73.908726, 42.681789 ], [ -73.907607, 42.686349 ], [ -73.906082, 42.686695 ], [ -73.90146, 42.685306 ], [ -73.899583, 42.685923 ], [ -73.896653, 42.685203 ], [ -73.890247, 42.682768 ], [ -73.88839, 42.681387 ], [ -73.883937, 42.680014 ], [ -73.882268, 42.681788 ], [ -73.877118, 42.680489 ], [ -73.875288, 42.682338 ], [ -73.872509, 42.681802 ], [ -73.87229, 42.680677 ], [ -73.867973, 42.68113 ], [ -73.865208, 42.676716 ], [ -73.866779, 42.674999 ], [ -73.868212, 42.668611 ], [ -73.874598, 42.668278 ], [ -73.876742, 42.663516 ], [ -73.878268, 42.663235 ], [ -73.881318, 42.664504 ], [ -73.885049, 42.659897 ], [ -73.886141, 42.66006 ], [ -73.887691, 42.658778 ], [ -73.892857, 42.657258 ], [ -73.882652, 42.654551 ], [ -73.881136, 42.65528 ], [ -73.880961, 42.657881 ], [ -73.880085, 42.658154 ], [ -73.876894, 42.656234 ], [ -73.879064, 42.654113 ], [ -73.877617, 42.650761 ], [ -73.87524, 42.648547 ], [ -73.872963, 42.649167 ], [ -73.872335, 42.652259 ], [ -73.869505, 42.649046 ], [ -73.865866, 42.65507 ], [ -73.85403, 42.665811 ], [ -73.850097, 42.664429 ], [ -73.847949, 42.6645 ], [ -73.841467, 42.662922 ], [ -73.840247, 42.663911 ], [ -73.836452, 42.66332 ], [ -73.834564, 42.665088 ], [ -73.832828, 42.665488 ], [ -73.823598, 42.657593 ], [ -73.826032, 42.655895 ], [ -73.829553, 42.655001 ], [ -73.837404, 42.653705 ], [ -73.83791, 42.654131 ], [ -73.84246, 42.652268 ], [ -73.847016, 42.649279 ], [ -73.845713, 42.646566 ], [ -73.846069, 42.643527 ], [ -73.845413, 42.642522 ], [ -73.843869, 42.641774 ], [ -73.840076, 42.642121 ], [ -73.836316, 42.640465 ], [ -73.832213, 42.640846 ], [ -73.832442, 42.638744 ], [ -73.837178, 42.639516 ], [ -73.837483, 42.629906 ], [ -73.847195, 42.628943 ], [ -73.845944, 42.625466 ], [ -73.864344, 42.629553 ], [ -73.86578, 42.629147 ], [ -73.859212, 42.628171 ], [ -73.86046, 42.625831 ], [ -73.865, 42.623388 ], [ -73.867589, 42.620331 ], [ -73.866018, 42.619073 ], [ -73.867483, 42.617298 ], [ -73.871338, 42.616095 ], [ -73.875994, 42.613414 ], [ -73.879278, 42.614999 ], [ -73.879593, 42.616128 ], [ -73.887472, 42.620152 ], [ -73.892092, 42.623252 ], [ -73.892945, 42.621404 ], [ -73.889077, 42.619564 ], [ -73.889143, 42.617293 ], [ -73.89662, 42.619821 ], [ -73.899952, 42.618741 ], [ -73.899761, 42.616433 ], [ -73.904148, 42.615353 ], [ -73.898549, 42.607619 ], [ -73.90498, 42.607184 ], [ -73.90919, 42.608002 ], [ -73.913494, 42.606755 ], [ -73.920296, 42.607193 ], [ -73.919857, 42.601688 ], [ -73.925942, 42.599672 ], [ -73.927864, 42.599601 ], [ -73.928971, 42.607933 ], [ -73.93116, 42.613115 ], [ -73.932587, 42.621561 ] ] ] } },
{ "type": "Feature", "properties": { "zcta": "12863" }, "geometry": { "type": "Polygon", "coordinates": [ [ [ -73.957876, 43.073404 ], [ -73.950642, 43.074163 ], [ -73.950229, 43.077819 ], [ -73.947093, 43.078215 ], [ -73.946556, 43.074143 ], [ -73.923242, 43.075875 ], [ -73.922437, 43.07068 ], [ -73.916664, 43.071287 ], [ -73.916424, 43.070095 ], [ -73.918367, 43.069911 ], [ -73.91812, 43.068587 ], [ -73.915182, 43.068824 ], [ -73.91201, 43.066925 ], [ -73.906417, 43.067664 ], [ -73.90596, 43.065811 ], [ -73.904011, 43.065885 ], [ -73.908754, 43.063391 ], [ -73.906063, 43.059961 ], [ -73.906705, 43.0584 ], [ -73.909061, 43.056833 ], [ -73.912528, 43.056544 ], [ -73.917964, 43.052719 ], [ -73.919059, 43.051304 ], [ -73.918203, 43.041576 ], [ -73.921314, 43.040019 ], [ -73.922288, 43.041708 ], [ -73.927813, 43.045921 ], [ -73.933397, 43.04608 ], [ -73.936122, 43.050087 ], [ -73.937838, 43.047473 ], [ -73.943965, 43.044458 ], [ -73.945921, 43.044954 ], [ -73.948352, 43.047641 ], [ -73.949238, 43.051204 ], [ -73.950562, 43.05276 ], [ -73.952801, 43.053743 ], [ -73.952288, 43.059623 ], [ -73.949723, 43.061499 ], [ -73.949015, 43.067838 ], [ -73.949821, 43.073155 ], [ -73.954952, 43.07213 ], [ -73.957876, 43.073404 ] ] ] } },
{ "type": "Feature", "properties": { "zcta": "12067" }, "geometry": { "type": "Polygon", "coordinates": [ [ [ -73.977023, 42.561831 ], [ -73.976158, 42.565101 ], [ -73.976413, 42.568274 ], [ -73.974739, 42.572278 ], [ -73.975806, 42.573022 ], [ -73.9735, 42.575427 ], [ -73.970945, 42.575051 ], [ -73.968286, 42.572427 ], [ -73.964898, 42.574699 ], [ -73.955424, 42.572693 ], [ -73.952778, 42.573467 ], [ -73.95059, 42.573394 ], [ -73.945784, 42.571719 ], [ -73.94459, 42.570546 ], [ -73.942045, 42.570364 ], [ -73.942393, 42.573101 ], [ -73.941672, 42.573147 ], [ -73.943449, 42.574544 ], [ -73.940968, 42.575404 ], [ -73.939979, 42.572993 ], [ -73.933981, 42.574337 ], [ -73.929709, 42.576161 ], [ -73.925073, 42.574292 ], [ -73.923905, 42.575185 ], [ -73.922421, 42.578142 ], [ -73.922646, 42.579116 ], [ -73.921376, 42.581624 ], [ -73.921658, 42.585003 ], [ -73.919397, 42.586217 ], [ -73.918616, 42.582193 ], [ -73.908692, 42.585046 ], [ -73.894702, 42.59692 ], [ -73.89564, 42.597725 ], [ -73.895878, 42.599559 ], [ -73.890948, 42.600603 ], [ -73.885323, 42.594643 ], [ -73.884006, 42.5945 ], [ -73.886427, 42.601258 ], [ -73.884111, 42.601687 ], [ -73.881902, 42.602961 ], [ -73.874062, 42.600677 ], [ -73.873897, 42.601413 ], [ -73.871952, 42.600792 ], [ -73.871696, 42.599817 ], [ -73.869825, 42.600042 ], [ -73.86809, 42.598553 ], [ -73.867316, 42.596437 ], [ -73.86515, 42.596683 ], [ -73.864121, 42.595098 ], [ -73.857846, 42.591679 ], [ -73.855462, 42.589657 ], [ -73.855271, 42.58849 ], [ -73.85304, 42.589018 ], [ -73.853622, 42.587211 ], [ -73.851146, 42.586959 ], [ -73.849325, 42.585475 ], [ -73.850202, 42.584763 ], [ -73.847998, 42.584148 ], [ -73.848206, 42.580914 ], [ -73.846933, 42.579299 ], [ -73.844661, 42.578117 ], [ -73.845171, 42.577374 ], [ -73.843049, 42.576911 ], [ -73.842091, 42.57566 ], [ -73.842378, 42.573935 ], [ -73.841332, 42.572503 ], [ -73.841907, 42.570171 ], [ -73.839209, 42.570477 ], [ -73.839857, 42.568147 ], [ -73.838114, 42.567736 ], [ -73.836462, 42.568499 ], [ -73.834149, 42.568095 ], [ -73.830976, 42.569196 ], [ -73.829972, 42.565423 ], [ -73.84165, 42.565623 ], [ -73.843857, 42.568305 ], [ -73.852929, 42.572801 ], [ -73.855625, 42.570555 ], [ -73.862548, 42.575125 ], [ -73.863757, 42.575165 ], [ -73.849468, 42.565017 ], [ -73.842995, 42.561134 ], [ -73.846457, 42.558379 ], [ -73.849916, 42.560461 ], [ -73.857069, 42.561169 ], [ -73.860588, 42.560395 ], [ -73.866069, 42.560202 ], [ -73.867448, 42.56283 ], [ -73.875562, 42.564529 ], [ -73.874992, 42.573354 ], [ -73.876783, 42.575193 ], [ -73.876525, 42.568042 ], [ -73.878119, 42.566972 ], [ -73.879335, 42.564827 ], [ -73.8786, 42.563529 ], [ -73.879422, 42.555888 ], [ -73.880745, 42.555158 ], [ -73.884163, 42.555914 ], [ -73.887904, 42.555754 ], [ -73.888798, 42.552972 ], [ -73.892082, 42.550145 ], [ -73.899719, 42.54928 ], [ -73.898233, 42.547965 ], [ -73.90718, 42.543788 ], [ -73.910066, 42.543428 ], [ -73.910767, 42.544972 ], [ -73.913187, 42.545153 ], [ -73.906986, 42.535621 ], [ -73.941747, 42.539271 ], [ -73.950704, 42.525736 ], [ -73.95212, 42.518376 ], [ -73.950012, 42.508785 ], [ -73.951762, 42.507004 ], [ -73.955713, 42.506267 ], [ -73.959612, 42.504492 ], [ -73.961703, 42.501417 ], [ -73.963158, 42.502604 ], [ -73.963713, 42.506486 ], [ -73.971369, 42.506388 ], [ -73.974092, 42.529091 ], [ -73.967102, 42.529369 ], [ -73.967332, 42.531183 ], [ -73.965328, 42.534504 ], [ -73.964736, 42.541624 ], [ -73.972258, 42.542268 ], [ -73.973602, 42.547943 ], [ -73.975878, 42.54899 ], [ -73.975133, 42.551623 ], [ -73.975913, 42.553829 ], [ -73.975062, 42.554025 ], [ -73.977023, 42.561831 ] ] ] } },
{ "type": "Feature", "properties": { "zcta": "12202" }, "geometry": { "type": "Polygon", "coordinates": [ [ [ -73.777036, 42.635797 ], [ -73.774433, 42.635399 ], [ -73.773418, 42.639155 ], [ -73.771461, 42.639247 ], [ -73.772318, 42.641789 ], [ -73.770728, 42.6406 ], [ -73.769207, 42.640515 ], [ -73.767948, 42.643976 ], [ -73.770273, 42.64461 ], [ -73.770051, 42.645135 ], [ -73.771418, 42.645582 ], [ -73.771831, 42.646154 ], [ -73.771086, 42.646991 ], [ -73.772196, 42.649294 ], [ -73.770396, 42.651245 ], [ -73.768642, 42.650248 ], [ -73.768078, 42.651449 ], [ -73.763815, 42.649574 ], [ -73.765206, 42.648286 ], [ -73.764527, 42.647835 ], [ -73.763713, 42.647597 ], [ -73.761956, 42.649191 ], [ -73.758043, 42.646851 ], [ -73.756496, 42.646239 ], [ -73.756202, 42.64668 ], [ -73.747644, 42.643233 ], [ -73.751165, 42.63608 ], [ -73.752965, 42.628679 ], [ -73.759739, 42.61379 ], [ -73.762073, 42.613911 ], [ -73.76351, 42.615859 ], [ -73.764874, 42.615176 ], [ -73.764369, 42.62015 ], [ -73.768558, 42.620272 ], [ -73.770773, 42.622102 ], [ -73.773366, 42.622794 ], [ -73.77676, 42.625451 ], [ -73.774995, 42.634506 ], [ -73.777036, 42.635797 ] ] ] } },
{ "type": "Feature", "properties": { "zcta": "12306" }, "geometry": { "type": "Polygon", "coordinates": [ [ [ -74.158034, 42.786712 ], [ -74.157402, 42.788248 ], [ -74.153534, 42.789416 ], [ -74.151815, 42.788734 ], [ -74.151167, 42.789196 ], [ -74.152255, 42.795462 ], [ -74.147599, 42.795911 ], [ -74.147896, 42.798707 ], [ -74.138547, 42.799684 ], [ -74.139315, 42.804099 ], [ -74.143736, 42.804176 ], [ -74.143701, 42.805702 ], [ -74.141701, 42.809094 ], [ -74.131445, 42.811509 ], [ -74.128477, 42.809433 ], [ -74.124138, 42.803875 ], [ -74.122359, 42.802689 ], [ -74.110073, 42.804943 ], [ -74.113566, 42.824465 ], [ -74.110075, 42.825073 ], [ -74.110713, 42.827821 ], [ -74.104705, 42.828816 ], [ -74.105198, 42.832167 ], [ -74.100687, 42.83294 ], [ -74.100236, 42.836505 ], [ -74.102183, 42.838258 ], [ -74.10275, 42.83694 ], [ -74.105725, 42.834739 ], [ -74.115558, 42.83338 ], [ -74.120599, 42.853285 ], [ -74.112956, 42.855202 ], [ -74.109295, 42.860896 ], [ -74.107653, 42.859291 ], [ -74.104842, 42.85831 ], [ -74.099888, 42.858656 ], [ -74.096006, 42.858268 ], [ -74.094298, 42.856193 ], [ -74.093054, 42.845515 ], [ -74.091751, 42.841908 ], [ -74.087752, 42.838992 ], [ -74.079161, 42.838095 ], [ -74.080499, 42.842406 ], [ -74.076275, 42.848168 ], [ -74.077561, 42.853796 ], [ -74.056779, 42.863992 ], [ -74.053593, 42.867226 ], [ -74.049294, 42.869181 ], [ -74.047794, 42.870929 ], [ -74.047817, 42.871398 ], [ -74.056151, 42.874636 ], [ -74.05009, 42.873422 ], [ -74.045937, 42.87151 ], [ -74.043334, 42.871752 ], [ -74.042278, 42.869794 ], [ -74.038249, 42.868333 ], [ -74.030617, 42.861885 ], [ -74.020997, 42.857991 ], [ -74.022958, 42.85415 ], [ -74.022234, 42.852414 ], [ -74.016337, 42.848391 ], [ -74.012421, 42.848468 ], [ -74.008723, 42.849524 ], [ -74.004934, 42.849684 ], [ -74.002145, 42.848639 ], [ -74.000005, 42.842667 ], [ -73.99811, 42.841375 ], [ -73.998, 42.8387 ], [ -73.994508, 42.833746 ], [ -73.989154, 42.828424 ], [ -73.98165, 42.824745 ], [ -73.977332, 42.818225 ], [ -73.976159, 42.817431 ], [ -73.971059, 42.815115 ], [ -73.968617, 42.814719 ], [ -73.961452, 42.817895 ], [ -73.959736, 42.820606 ], [ -73.956621, 42.820896 ], [ -73.948823, 42.819886 ], [ -73.951068, 42.818374 ], [ -73.951502, 42.81366 ], [ -73.952448, 42.812896 ], [ -73.951982, 42.810497 ], [ -73.959708, 42.809084 ], [ -73.963889, 42.807304 ], [ -73.96706, 42.807704 ], [ -73.971968, 42.810161 ], [ -73.983245, 42.801687 ], [ -73.97862, 42.802987 ], [ -73.963951, 42.802001 ], [ -73.958005, 42.802557 ], [ -73.95296, 42.805122 ], [ -73.954155, 42.803182 ], [ -73.956212, 42.802744 ], [ -73.955729, 42.801744 ], [ -73.957681, 42.798624 ], [ -73.956602, 42.795121 ], [ -73.948833, 42.791272 ], [ -73.946647, 42.788579 ], [ -73.945192, 42.788468 ], [ -73.955542, 42.784308 ], [ -73.956286, 42.781033 ], [ -73.955332, 42.780421 ], [ -73.955578, 42.779306 ], [ -73.957359, 42.777432 ], [ -73.955309, 42.773004 ], [ -73.958088, 42.772801 ], [ -73.959012, 42.770765 ], [ -73.958932, 42.76624 ], [ -73.94447, 42.759451 ], [ -73.960228, 42.757572 ], [ -73.959588, 42.755439 ], [ -73.950235, 42.749846 ], [ -73.952392, 42.748635 ], [ -73.951452, 42.746959 ], [ -73.954011, 42.744379 ], [ -73.955875, 42.745248 ], [ -73.954061, 42.74204 ], [ -73.955907, 42.742079 ], [ -73.963082, 42.735629 ], [ -73.965467, 42.740175 ], [ -73.967852, 42.74015 ], [ -73.972464, 42.738849 ], [ -73.967996, 42.736576 ], [ -73.96622, 42.734152 ], [ -73.967371, 42.733004 ], [ -73.969646, 42.732601 ], [ -73.978986, 42.736614 ], [ -73.980149, 42.741282 ], [ -73.982259, 42.742594 ], [ -73.981748, 42.743126 ], [ -73.985356, 42.74331 ], [ -73.984094, 42.748205 ], [ -73.985361, 42.754166 ], [ -74.029904, 42.748447 ], [ -74.030314, 42.751462 ], [ -74.02786, 42.751779 ], [ -74.021652, 42.751171 ], [ -74.02015, 42.754009 ], [ -74.020412, 42.754991 ], [ -74.023523, 42.756024 ], [ -74.027102, 42.759334 ], [ -74.02874, 42.758693 ], [ -74.031078, 42.761858 ], [ -74.033397, 42.763672 ], [ -74.030942, 42.76433 ], [ -74.02512, 42.762818 ], [ -74.021932, 42.762697 ], [ -74.01782, 42.765046 ], [ -74.014993, 42.765198 ], [ -74.019607, 42.769882 ], [ -74.027681, 42.772615 ], [ -74.02997, 42.775212 ], [ -74.037031, 42.778093 ], [ -74.037461, 42.777753 ], [ -74.040023, 42.780591 ], [ -74.040923, 42.780421 ], [ -74.05095, 42.787016 ], [ -74.057498, 42.793027 ], [ -74.060513, 42.792164 ], [ -74.060103, 42.790608 ], [ -74.062025, 42.791476 ], [ -74.062135, 42.792607 ], [ -74.068822, 42.789982 ], [ -74.069193, 42.7913 ], [ -74.076831, 42.789122 ], [ -74.07774, 42.78996 ], [ -74.076864, 42.791598 ], [ -74.081755, 42.794799 ], [ -74.090597, 42.793605 ], [ -74.090636, 42.792292 ], [ -74.093293, 42.790514 ], [ -74.104397, 42.78729 ], [ -74.104352, 42.783311 ], [ -74.106289, 42.783154 ], [ -74.10879, 42.797589 ], [ -74.114691, 42.797751 ], [ -74.128923, 42.794586 ], [ -74.130447, 42.79339 ], [ -74.12996, 42.790736 ], [ -74.144025, 42.789622 ], [ -74.146226, 42.787934 ], [ -74.152769, 42.786327 ], [ -74.157542, 42.784229 ], [ -74.158034, 42.786712 ] ] ] } },
{ "type": "Feature", "properties": { "zcta": "12859" }, "geometry": { "type": "Polygon", "coordinates": [ [ [ -73.969844, 43.148851 ], [ -73.968684, 43.15353 ], [ -73.971639, 43.162664 ], [ -73.948475, 43.17558 ], [ -73.932531, 43.183081 ], [ -73.867969, 43.216704 ], [ -73.868002, 43.215042 ], [ -73.865807, 43.211847 ], [ -73.871462, 43.210501 ], [ -73.871343, 43.207646 ], [ -73.866575, 43.199209 ], [ -73.866559, 43.195864 ], [ -73.865198, 43.196067 ], [ -73.86486, 43.197499 ], [ -73.861294, 43.197909 ], [ -73.858486, 43.195977 ], [ -73.85532, 43.19665 ], [ -73.856127, 43.189421 ], [ -73.864133, 43.189014 ], [ -73.862731, 43.186478 ], [ -73.862686, 43.183538 ], [ -73.863752, 43.180186 ], [ -73.865166, 43.180381 ], [ -73.868094, 43.171756 ], [ -73.864653, 43.167073 ], [ -73.862575, 43.16776 ], [ -73.859757, 43.161559 ], [ -73.865902, 43.148421 ], [ -73.858199, 43.150241 ], [ -73.85556, 43.153463 ], [ -73.855137, 43.152749 ], [ -73.86185, 43.144212 ], [ -73.865943, 43.131774 ], [ -73.868006, 43.131894 ], [ -73.872527, 43.133662 ], [ -73.874103, 43.135849 ], [ -73.877618, 43.137999 ], [ -73.879751, 43.136307 ], [ -73.886008, 43.134651 ], [ -73.887627, 43.13045 ], [ -73.88888, 43.130568 ], [ -73.888948, 43.128404 ], [ -73.890308, 43.126745 ], [ -73.891942, 43.126154 ], [ -73.895985, 43.133863 ], [ -73.897432, 43.133949 ], [ -73.898583, 43.135915 ], [ -73.901228, 43.134322 ], [ -73.903391, 43.136594 ], [ -73.90634, 43.141677 ], [ -73.913948, 43.135926 ], [ -73.919375, 43.136911 ], [ -73.922152, 43.134047 ], [ -73.9264, 43.136061 ], [ -73.936316, 43.132503 ], [ -73.956867, 43.148705 ], [ -73.967847, 43.145431 ], [ -73.972157, 43.146655 ], [ -73.969844, 43.148851 ] ] ] } },
{ "type": "Feature", "properties": { "zcta": "12871" }, "geometry": { "type": "Polygon", "coordinates": [ [ [ -73.654402, 43.142577 ], [ -73.636979, 43.144275 ], [ -73.63742, 43.147198 ], [ -73.631344, 43.147758 ], [ -73.631887, 43.151084 ], [ -73.633671, 43.153068 ], [ -73.631341, 43.159966 ], [ -73.630933, 43.167071 ], [ -73.630137, 43.166777 ], [ -73.626637, 43.168895 ], [ -73.624354, 43.168876 ], [ -73.624483, 43.175488 ], [ -73.623637, 43.17643 ], [ -73.617069, 43.1775 ], [ -73.613697, 43.177454 ], [ -73.611452, 43.158306 ], [ -73.589201, 43.160424 ], [ -73.590821, 43.163237 ], [ -73.588976, 43.164793 ], [ -73.585734, 43.166019 ], [ -73.584438, 43.16552 ], [ -73.584994, 43.161572 ], [ -73.583886, 43.160439 ], [ -73.583754, 43.15812 ], [ -73.582494, 43.15593 ], [ -73.580254, 43.155539 ], [ -73.580214, 43.152882 ], [ -73.584894, 43.147921 ], [ -73.589497, 43.141575 ], [ -73.590752, 43.139488 ], [ -73.590938, 43.13511 ], [ -73.589832, 43.131499 ], [ -73.586554, 43.128145 ], [ -73.585599, 43.123665 ], [ -73.582588, 43.121423 ], [ -73.577229, 43.118976 ], [ -73.575865, 43.116882 ], [ -73.57611, 43.110463 ], [ -73.573342, 43.100545 ], [ -73.573672, 43.098405 ], [ -73.578228, 43.090632 ], [ -73.577469, 43.086619 ], [ -73.575456, 43.083982 ], [ -73.575821, 43.080411 ], [ -73.581116, 43.073013 ], [ -73.581714, 43.068695 ], [ -73.577891, 43.058666 ], [ -73.578155, 43.055787 ], [ -73.580865, 43.052591 ], [ -73.585833, 43.049728 ], [ -73.586306, 43.048716 ], [ -73.586999, 43.042652 ], [ -73.590753, 43.035821 ], [ -73.591578, 43.031962 ], [ -73.590875, 43.023241 ], [ -73.593635, 43.01433 ], [ -73.61863, 43.014449 ], [ -73.616602, 43.021036 ], [ -73.617397, 43.026923 ], [ -73.618407, 43.029194 ], [ -73.623223, 43.033658 ], [ -73.626463, 43.034704 ], [ -73.642484, 43.033938 ], [ -73.643563, 43.027008 ], [ -73.652199, 43.02697 ], [ -73.650809, 43.029032 ], [ -73.653309, 43.028963 ], [ -73.653896, 43.033254 ], [ -73.651554, 43.033367 ], [ -73.65172, 43.036249 ], [ -73.650724, 43.038031 ], [ -73.648069, 43.039761 ], [ -73.643127, 43.039653 ], [ -73.6429, 43.041584 ], [ -73.640238, 43.046216 ], [ -73.643323, 43.047748 ], [ -73.644425, 43.053176 ], [ -73.649102, 43.058016 ], [ -73.64935, 43.059888 ], [ -73.644393, 43.063541 ], [ -73.645057, 43.066846 ], [ -73.643682, 43.069332 ], [ -73.639528, 43.069763 ], [ -73.638772, 43.073033 ], [ -73.644456, 43.073527 ], [ -73.643219, 43.078248 ], [ -73.640437, 43.07856 ], [ -73.638361, 43.086872 ], [ -73.637131, 43.087011 ], [ -73.637302, 43.089836 ], [ -73.639319, 43.090269 ], [ -73.63883, 43.091557 ], [ -73.643553, 43.091214 ], [ -73.647305, 43.088955 ], [ -73.647967, 43.094436 ], [ -73.649956, 43.095153 ], [ -73.650291, 43.096011 ], [ -73.648422, 43.096337 ], [ -73.646788, 43.097741 ], [ -73.648238, 43.099262 ], [ -73.647908, 43.101853 ], [ -73.643004, 43.101792 ], [ -73.64013, 43.100519 ], [ -73.638591, 43.100567 ], [ -73.63704, 43.102431 ], [ -73.633161, 43.102985 ], [ -73.629679, 43.104798 ], [ -73.626917, 43.1046 ], [ -73.624235, 43.105951 ], [ -73.630168, 43.106161 ], [ -73.63377, 43.108834 ], [ -73.636981, 43.124121 ], [ -73.636143, 43.126884 ], [ -73.632636, 43.129664 ], [ -73.631713, 43.131238 ], [ -73.646859, 43.130771 ], [ -73.647086, 43.132745 ], [ -73.65213, 43.134512 ], [ -73.652261, 43.140318 ], [ -73.655205, 43.141597 ], [ -73.654402, 43.142577 ] ], [ [ -73.594175, 43.082257 ], [ -73.592024, 43.085856 ], [ -73.590708, 43.084302 ], [ -73.587074, 43.084052 ], [ -73.586822, 43.085548 ], [ -73.585558, 43.08554 ], [ -73.585031, 43.087262 ], [ -73.588195, 43.087318 ], [ -73.588183, 43.089175 ], [ -73.583112, 43.090648 ], [ -73.583313, 43.094644 ], [ -73.584817, 43.094259 ], [ -73.586052, 43.095113 ], [ -73.587762, 43.094371 ], [ -73.591323, 43.090855 ], [ -73.595569, 43.092589 ], [ -73.598348, 43.093047 ], [ -73.600134, 43.083646 ], [ -73.594175, 43.082257 ] ] ] } },
{ "type": "Feature", "properties": { "zcta": "12833" }, "geometry": { "type": "Polygon", "coordinates": [ [ [ -73.935412, 43.11892 ], [ -73.934624, 43.120205 ], [ -73.937319, 43.124992 ], [ -73.937262, 43.129665 ], [ -73.936316, 43.132503 ], [ -73.9264, 43.136061 ], [ -73.922152, 43.134047 ], [ -73.919375, 43.136911 ], [ -73.913948, 43.135926 ], [ -73.90634, 43.141677 ], [ -73.903391, 43.136594 ], [ -73.901228, 43.134322 ], [ -73.898583, 43.135915 ], [ -73.897432, 43.133949 ], [ -73.895985, 43.133863 ], [ -73.891942, 43.126154 ], [ -73.890308, 43.126745 ], [ -73.888948, 43.128404 ], [ -73.88888, 43.130568 ], [ -73.887627, 43.13045 ], [ -73.886008, 43.134651 ], [ -73.879751, 43.136307 ], [ -73.877618, 43.137999 ], [ -73.874103, 43.135849 ], [ -73.872527, 43.133662 ], [ -73.868006, 43.131894 ], [ -73.865943, 43.131774 ], [ -73.86185, 43.144212 ], [ -73.855137, 43.152749 ], [ -73.85556, 43.153463 ], [ -73.858199, 43.150241 ], [ -73.865902, 43.148421 ], [ -73.859757, 43.161559 ], [ -73.862575, 43.16776 ], [ -73.864653, 43.167073 ], [ -73.868094, 43.171756 ], [ -73.865166, 43.180381 ], [ -73.863752, 43.180186 ], [ -73.862686, 43.183538 ], [ -73.862731, 43.186478 ], [ -73.864133, 43.189014 ], [ -73.856127, 43.189421 ], [ -73.854992, 43.199837 ], [ -73.841264, 43.204233 ], [ -73.839678, 43.208006 ], [ -73.834748, 43.199766 ], [ -73.830185, 43.198182 ], [ -73.829199, 43.194528 ], [ -73.826538, 43.192594 ], [ -73.82683, 43.190985 ], [ -73.819778, 43.191295 ], [ -73.815382, 43.192665 ], [ -73.813838, 43.193943 ], [ -73.810198, 43.193044 ], [ -73.808283, 43.191896 ], [ -73.786902, 43.193 ], [ -73.778452, 43.178358 ], [ -73.783949, 43.174982 ], [ -73.780639, 43.155711 ], [ -73.774029, 43.153981 ], [ -73.773068, 43.153059 ], [ -73.77318, 43.15027 ], [ -73.775027, 43.149057 ], [ -73.779421, 43.148598 ], [ -73.773712, 43.113016 ], [ -73.777245, 43.111384 ], [ -73.800445, 43.110257 ], [ -73.811964, 43.102715 ], [ -73.815745, 43.102147 ], [ -73.816279, 43.103754 ], [ -73.814325, 43.107109 ], [ -73.81302, 43.1073 ], [ -73.812369, 43.10918 ], [ -73.824097, 43.10642 ], [ -73.832901, 43.101465 ], [ -73.839025, 43.100285 ], [ -73.837458, 43.095562 ], [ -73.831917, 43.096463 ], [ -73.830748, 43.090535 ], [ -73.831044, 43.083711 ], [ -73.833438, 43.084919 ], [ -73.836116, 43.084314 ], [ -73.838665, 43.082838 ], [ -73.841541, 43.084179 ], [ -73.84114, 43.085035 ], [ -73.842639, 43.087239 ], [ -73.842409, 43.089678 ], [ -73.862113, 43.08783 ], [ -73.861331, 43.093913 ], [ -73.862545, 43.092614 ], [ -73.866279, 43.092248 ], [ -73.869778, 43.090384 ], [ -73.874526, 43.089936 ], [ -73.875987, 43.092248 ], [ -73.871143, 43.097123 ], [ -73.871682, 43.101985 ], [ -73.873594, 43.104558 ], [ -73.876059, 43.103791 ], [ -73.876259, 43.104773 ], [ -73.878816, 43.104536 ], [ -73.879253, 43.102785 ], [ -73.882805, 43.101922 ], [ -73.888113, 43.09873 ], [ -73.888089, 43.095714 ], [ -73.89611, 43.094976 ], [ -73.897103, 43.093804 ], [ -73.896884, 43.091642 ], [ -73.899945, 43.090306 ], [ -73.90955, 43.090735 ], [ -73.916548, 43.09002 ], [ -73.916703, 43.091515 ], [ -73.915696, 43.093944 ], [ -73.913713, 43.096003 ], [ -73.911559, 43.103138 ], [ -73.908792, 43.106209 ], [ -73.905566, 43.106885 ], [ -73.906894, 43.107937 ], [ -73.90887, 43.107165 ], [ -73.911348, 43.104165 ], [ -73.913959, 43.096227 ], [ -73.915628, 43.095601 ], [ -73.917792, 43.092719 ], [ -73.921356, 43.091492 ], [ -73.92236, 43.092517 ], [ -73.922133, 43.097441 ], [ -73.926127, 43.100667 ], [ -73.929, 43.104123 ], [ -73.928845, 43.104871 ], [ -73.931672, 43.105319 ], [ -73.938982, 43.117824 ], [ -73.935412, 43.11892 ] ], [ [ -73.839025, 43.100285 ], [ -73.841357, 43.107081 ], [ -73.844051, 43.104925 ], [ -73.843853, 43.100514 ], [ -73.84699, 43.100094 ], [ -73.839025, 43.100285 ] ] ] } },
{ "type": "Feature", "properties": { "zcta": "12835" }, "geometry": { "type": "Polygon", "coordinates": [ [ [ -74.1601, 43.371532 ], [ -73.904873, 43.395943 ], [ -73.900701, 43.405126 ], [ -73.908685, 43.412931 ], [ -73.910127, 43.415774 ], [ -73.90549, 43.413922 ], [ -73.902518, 43.41147 ], [ -73.900116, 43.412324 ], [ -73.896655, 43.410126 ], [ -73.894769, 43.409728 ], [ -73.893187, 43.410278 ], [ -73.892721, 43.411426 ], [ -73.890057, 43.412233 ], [ -73.888174, 43.41011 ], [ -73.886446, 43.409218 ], [ -73.886346, 43.410316 ], [ -73.883628, 43.411939 ], [ -73.880748, 43.410753 ], [ -73.880438, 43.40839 ], [ -73.885672, 43.404742 ], [ -73.886271, 43.402981 ], [ -73.884435, 43.39801 ], [ -73.883299, 43.397988 ], [ -73.880737, 43.392995 ], [ -73.878667, 43.390929 ], [ -73.877392, 43.386646 ], [ -73.874567, 43.384495 ], [ -73.873147, 43.380426 ], [ -73.872796, 43.376618 ], [ -73.870977, 43.372523 ], [ -73.872175, 43.369216 ], [ -73.875159, 43.365725 ], [ -73.875139, 43.361921 ], [ -73.873355, 43.359744 ], [ -73.864754, 43.354178 ], [ -73.864038, 43.345496 ], [ -73.85917, 43.342962 ], [ -73.854203, 43.339246 ], [ -73.853286, 43.33775 ], [ -73.854309, 43.33482 ], [ -73.856877, 43.333564 ], [ -73.858991, 43.33032 ], [ -73.858647, 43.328115 ], [ -73.854904, 43.325315 ], [ -73.849363, 43.323917 ], [ -73.84319, 43.318852 ], [ -73.842426, 43.314739 ], [ -73.840364, 43.313153 ], [ -73.836918, 43.306611 ], [ -73.833466, 43.304871 ], [ -73.825828, 43.305348 ], [ -73.824615, 43.30427 ], [ -73.824789, 43.299104 ], [ -73.826941, 43.290817 ], [ -73.832577, 43.290391 ], [ -73.832897, 43.291315 ], [ -73.833611, 43.291383 ], [ -73.835071, 43.295517 ], [ -73.835445, 43.302338 ], [ -73.840333, 43.309112 ], [ -73.845248, 43.310463 ], [ -73.852593, 43.314987 ], [ -73.862589, 43.31607 ], [ -73.863963, 43.315064 ], [ -73.86598, 43.311721 ], [ -73.8677, 43.311081 ], [ -73.868935, 43.309656 ], [ -73.870469, 43.306218 ], [ -73.870139, 43.304538 ], [ -73.873091, 43.301286 ], [ -73.883587, 43.29939 ], [ -73.885032, 43.296762 ], [ -73.883525, 43.295385 ], [ -73.885401, 43.293352 ], [ -73.887645, 43.291804 ], [ -73.891933, 43.292595 ], [ -73.893177, 43.29701 ], [ -73.895126, 43.299889 ], [ -73.900563, 43.301439 ], [ -73.908916, 43.301234 ], [ -73.910598, 43.300586 ], [ -73.909625, 43.302345 ], [ -73.911089, 43.303703 ], [ -73.916681, 43.30549 ], [ -73.917357, 43.307638 ], [ -73.916835, 43.309998 ], [ -73.920629, 43.315421 ], [ -73.919838, 43.316216 ], [ -73.925414, 43.320706 ], [ -73.9298, 43.318224 ], [ -73.927401, 43.315735 ], [ -73.930776, 43.313449 ], [ -73.932793, 43.309248 ], [ -73.936944, 43.303584 ], [ -73.945826, 43.298395 ], [ -73.945255, 43.296872 ], [ -73.951738, 43.289382 ], [ -73.958648, 43.287183 ], [ -73.959091, 43.2859 ], [ -73.961427, 43.284635 ], [ -73.962615, 43.282465 ], [ -73.963083, 43.282765 ], [ -73.962141, 43.280511 ], [ -73.971327, 43.279868 ], [ -73.969764, 43.270064 ], [ -73.974747, 43.269274 ], [ -73.974394, 43.267287 ], [ -73.986197, 43.266267 ], [ -73.985411, 43.255776 ], [ -73.999544, 43.248463 ], [ -73.999446, 43.247589 ], [ -74.002947, 43.245838 ], [ -74.003035, 43.246578 ], [ -74.022902, 43.237527 ], [ -74.042417, 43.225292 ], [ -74.058087, 43.221909 ], [ -74.07642, 43.213137 ], [ -74.080909, 43.212821 ], [ -74.082878, 43.209681 ], [ -74.093698, 43.213806 ], [ -74.092424, 43.21926 ], [ -74.092868, 43.220579 ], [ -74.09918, 43.221145 ], [ -74.102395, 43.220452 ], [ -74.104078, 43.22119 ], [ -74.102654, 43.223292 ], [ -74.103259, 43.233911 ], [ -74.10008, 43.23596 ], [ -74.099506, 43.23775 ], [ -74.098088, 43.237915 ], [ -74.096072, 43.240072 ], [ -74.09438, 43.239591 ], [ -74.093027, 43.237129 ], [ -74.089508, 43.236981 ], [ -74.088008, 43.244979 ], [ -74.088427, 43.24745 ], [ -74.091374, 43.247746 ], [ -74.093402, 43.247077 ], [ -74.098021, 43.241857 ], [ -74.092772, 43.257392 ], [ -74.073336, 43.268354 ], [ -74.071515, 43.268856 ], [ -74.069957, 43.266342 ], [ -74.06392, 43.26851 ], [ -74.062715, 43.2703 ], [ -74.061131, 43.271227 ], [ -74.065008, 43.274935 ], [ -74.066683, 43.275029 ], [ -74.069117, 43.277457 ], [ -74.070548, 43.27677 ], [ -74.073808, 43.278331 ], [ -74.074364, 43.280162 ], [ -74.082877, 43.28158 ], [ -74.086363, 43.283559 ], [ -74.086506, 43.285483 ], [ -74.084956, 43.289077 ], [ -74.082139, 43.291923 ], [ -74.113376, 43.323085 ], [ -74.135656, 43.314471 ], [ -74.13974, 43.317856 ], [ -74.150062, 43.312023 ], [ -74.1601, 43.371532 ] ] ] } },
{ "type": "Feature", "properties": { "zcta": "12183" }, "geometry": { "type": "Polygon", "coordinates": [ [ [ -73.697262, 42.757085 ], [ -73.695635, 42.758634 ], [ -73.694562, 42.759078 ], [ -73.692362, 42.758278 ], [ -73.687604, 42.760655 ], [ -73.684362, 42.760778 ], [ -73.684362, 42.757878 ], [ -73.687262, 42.752478 ], [ -73.688962, 42.738278 ], [ -73.690026, 42.735626 ], [ -73.694662, 42.732078 ], [ -73.69808, 42.732628 ], [ -73.699263, 42.736278 ], [ -73.698076, 42.739785 ], [ -73.693679, 42.741307 ], [ -73.697432, 42.744727 ], [ -73.698809, 42.747036 ], [ -73.699464, 42.749461 ], [ -73.697262, 42.757085 ] ] ] } },
{ "type": "Feature", "properties": { "zcta": "12085" }, "geometry": { "type": "Polygon", "coordinates": [ [ [ -73.984745, 42.710214 ], [ -73.964478, 42.70876 ], [ -73.963762, 42.708286 ], [ -73.964999, 42.70597 ], [ -73.964088, 42.704964 ], [ -73.960591, 42.704405 ], [ -73.961793, 42.702268 ], [ -73.958558, 42.702607 ], [ -73.957768, 42.701315 ], [ -73.961072, 42.695531 ], [ -73.958679, 42.688313 ], [ -73.964061, 42.687521 ], [ -73.967792, 42.694545 ], [ -73.970221, 42.697014 ], [ -73.967294, 42.699865 ], [ -73.965831, 42.702854 ], [ -73.975682, 42.705802 ], [ -73.984745, 42.710214 ] ] ] } },
{ "type": "Feature", "properties": { "zcta": "12046" }, "geometry": { "type": "Polygon", "coordinates": [ [ [ -73.970143, 42.496056 ], [ -73.967815, 42.496529 ], [ -73.963425, 42.499432 ], [ -73.959612, 42.504492 ], [ -73.955713, 42.506267 ], [ -73.951762, 42.507004 ], [ -73.946768, 42.502417 ], [ -73.938507, 42.489261 ], [ -73.928869, 42.482485 ], [ -73.926796, 42.482131 ], [ -73.925219, 42.479829 ], [ -73.923385, 42.48314 ], [ -73.920517, 42.492239 ], [ -73.923633, 42.519696 ], [ -73.936624, 42.518624 ], [ -73.937382, 42.526591 ], [ -73.946075, 42.526401 ], [ -73.947314, 42.527577 ], [ -73.950704, 42.525736 ], [ -73.941747, 42.539271 ], [ -73.906986, 42.535621 ], [ -73.904492, 42.533833 ], [ -73.904394, 42.532045 ], [ -73.901125, 42.531558 ], [ -73.900376, 42.525248 ], [ -73.895864, 42.525158 ], [ -73.892108, 42.525982 ], [ -73.888337, 42.524154 ], [ -73.894246, 42.509492 ], [ -73.892962, 42.50379 ], [ -73.894698, 42.502906 ], [ -73.892431, 42.501038 ], [ -73.890983, 42.493046 ], [ -73.885459, 42.490426 ], [ -73.885039, 42.487593 ], [ -73.883824, 42.486014 ], [ -73.883717, 42.47649 ], [ -73.882158, 42.47441 ], [ -73.878872, 42.473232 ], [ -73.877354, 42.471422 ], [ -73.878164, 42.468961 ], [ -73.880396, 42.466474 ], [ -73.883181, 42.465413 ], [ -73.883519, 42.461572 ], [ -73.887424, 42.455736 ], [ -73.88619, 42.454035 ], [ -73.886126, 42.451507 ], [ -73.892771, 42.45055 ], [ -73.891815, 42.445332 ], [ -73.892664, 42.442806 ], [ -73.892402, 42.440481 ], [ -73.895051, 42.439331 ], [ -73.902267, 42.43921 ], [ -73.902368, 42.437828 ], [ -73.906033, 42.436096 ], [ -73.907085, 42.448507 ], [ -73.907754, 42.448413 ], [ -73.908672, 42.453594 ], [ -73.911505, 42.456697 ], [ -73.913476, 42.460481 ], [ -73.917857, 42.463226 ], [ -73.921661, 42.464598 ], [ -73.922084, 42.468022 ], [ -73.925315, 42.468831 ], [ -73.928699, 42.468763 ], [ -73.933008, 42.466098 ], [ -73.939308, 42.457898 ], [ -73.94079, 42.454891 ], [ -73.942811, 42.453338 ], [ -73.944467, 42.453213 ], [ -73.944944, 42.45775 ], [ -73.953508, 42.456886 ], [ -73.953422, 42.458501 ], [ -73.95534, 42.458832 ], [ -73.959153, 42.456636 ], [ -73.960289, 42.461694 ], [ -73.966189, 42.461235 ], [ -73.970143, 42.496056 ] ] ] } },
{ "type": "Feature", "properties": { "zcta": "12009" }, "geometry": { "type": "Polygon", "coordinates": [ [ [ -74.139604, 42.682894 ], [ -74.129884, 42.684131 ], [ -74.131658, 42.68993 ], [ -74.122679, 42.694684 ], [ -74.128074, 42.69942 ], [ -74.129686, 42.703257 ], [ -74.123936, 42.705692 ], [ -74.123778, 42.706988 ], [ -74.121751, 42.708103 ], [ -74.121237, 42.709166 ], [ -74.119459, 42.709745 ], [ -74.115959, 42.7085 ], [ -74.101583, 42.705699 ], [ -74.100975, 42.704871 ], [ -74.097622, 42.70701 ], [ -74.095307, 42.70944 ], [ -74.092042, 42.710591 ], [ -74.091804, 42.711776 ], [ -74.090245, 42.711884 ], [ -74.087937, 42.713086 ], [ -74.084345, 42.713112 ], [ -74.082191, 42.714321 ], [ -74.080158, 42.714277 ], [ -74.082137, 42.715004 ], [ -74.088855, 42.714567 ], [ -74.095761, 42.71577 ], [ -74.098793, 42.714907 ], [ -74.100325, 42.716207 ], [ -74.10579, 42.717862 ], [ -74.107522, 42.724001 ], [ -74.113295, 42.723316 ], [ -74.112327, 42.724956 ], [ -74.105219, 42.725747 ], [ -74.119884, 42.726505 ], [ -74.120902, 42.730356 ], [ -74.117864, 42.731442 ], [ -74.111974, 42.735179 ], [ -74.11136, 42.7366 ], [ -74.1128, 42.738478 ], [ -74.0544, 42.745471 ], [ -74.054857, 42.747438 ], [ -74.052986, 42.747867 ], [ -74.050858, 42.747075 ], [ -74.047322, 42.747345 ], [ -74.047695, 42.74978 ], [ -74.04652, 42.750621 ], [ -74.045655, 42.750194 ], [ -74.040695, 42.750189 ], [ -74.039174, 42.749541 ], [ -74.035012, 42.750402 ], [ -74.030099, 42.749899 ], [ -74.029904, 42.748447 ], [ -73.985361, 42.754166 ], [ -73.984094, 42.748205 ], [ -73.985356, 42.74331 ], [ -73.981748, 42.743126 ], [ -73.982259, 42.742594 ], [ -73.980149, 42.741282 ], [ -73.978986, 42.736614 ], [ -73.969646, 42.732601 ], [ -73.967371, 42.733004 ], [ -73.96622, 42.734152 ], [ -73.967996, 42.736576 ], [ -73.972464, 42.738849 ], [ -73.967852, 42.74015 ], [ -73.960541, 42.725698 ], [ -73.956655, 42.724337 ], [ -73.956484, 42.725055 ], [ -73.953447, 42.724848 ], [ -73.952634, 42.726014 ], [ -73.937126, 42.718541 ], [ -73.937925, 42.717441 ], [ -73.93068, 42.713698 ], [ -73.929731, 42.714898 ], [ -73.928269, 42.714337 ], [ -73.929432, 42.713056 ], [ -73.922423, 42.70769 ], [ -73.919851, 42.706826 ], [ -73.919994, 42.70596 ], [ -73.916844, 42.704598 ], [ -73.91603, 42.703213 ], [ -73.923501, 42.69766 ], [ -73.923699, 42.692352 ], [ -73.921284, 42.692059 ], [ -73.920489, 42.690931 ], [ -73.922772, 42.692081 ], [ -73.927571, 42.68998 ], [ -73.928971, 42.688179 ], [ -73.931471, 42.688079 ], [ -73.93227, 42.689479 ], [ -73.92977, 42.689979 ], [ -73.92867, 42.692578 ], [ -73.933845, 42.696634 ], [ -73.934137, 42.697756 ], [ -73.93886, 42.697929 ], [ -73.942429, 42.695583 ], [ -73.944343, 42.695414 ], [ -73.943646, 42.69175 ], [ -73.941921, 42.690251 ], [ -73.937489, 42.688461 ], [ -73.935036, 42.689019 ], [ -73.93513, 42.686039 ], [ -73.933692, 42.685306 ], [ -73.93354, 42.682931 ], [ -73.93452, 42.675439 ], [ -73.940823, 42.675723 ], [ -73.941692, 42.676443 ], [ -73.943145, 42.675767 ], [ -73.951449, 42.685446 ], [ -73.953246, 42.689113 ], [ -73.958679, 42.688313 ], [ -73.961072, 42.695531 ], [ -73.957768, 42.701315 ], [ -73.958558, 42.702607 ], [ -73.961793, 42.702268 ], [ -73.960591, 42.704405 ], [ -73.964088, 42.704964 ], [ -73.964999, 42.70597 ], [ -73.963762, 42.708286 ], [ -73.964478, 42.70876 ], [ -73.984745, 42.710214 ], [ -73.975682, 42.705802 ], [ -73.965831, 42.702854 ], [ -73.967294, 42.699865 ], [ -73.970221, 42.697014 ], [ -73.967792, 42.694545 ], [ -73.964343, 42.688747 ], [ -73.963805, 42.681866 ], [ -73.962685, 42.68031 ], [ -73.965157, 42.673264 ], [ -73.969563, 42.670383 ], [ -73.969417, 42.667104 ], [ -73.967812, 42.665224 ], [ -73.956657, 42.663215 ], [ -73.966361, 42.662611 ], [ -73.964129, 42.659458 ], [ -73.965779, 42.658296 ], [ -73.965792, 42.6542 ], [ -73.962545, 42.653605 ], [ -73.96144, 42.652177 ], [ -73.963897, 42.651633 ], [ -73.962051, 42.649033 ], [ -73.960623, 42.649029 ], [ -73.959507, 42.646011 ], [ -73.964198, 42.646767 ], [ -73.966068, 42.645709 ], [ -73.968662, 42.646206 ], [ -73.96942, 42.645508 ], [ -73.975138, 42.648389 ], [ -73.979579, 42.645395 ], [ -73.978973, 42.644745 ], [ -73.988633, 42.640556 ], [ -73.990796, 42.643791 ], [ -73.990787, 42.641037 ], [ -73.996997, 42.64608 ], [ -74.005597, 42.648214 ], [ -74.008056, 42.652093 ], [ -74.014526, 42.651952 ], [ -74.016283, 42.652998 ], [ -74.016299, 42.655053 ], [ -74.019343, 42.655254 ], [ -74.02041, 42.657148 ], [ -74.020298, 42.65926 ], [ -74.022216, 42.65913 ], [ -74.026128, 42.675675 ], [ -74.031075, 42.678082 ], [ -74.039194, 42.677662 ], [ -74.039272, 42.680006 ], [ -74.054566, 42.678066 ], [ -74.061711, 42.677913 ], [ -74.061821, 42.680434 ], [ -74.0695, 42.68131 ], [ -74.070679, 42.676869 ], [ -74.073666, 42.675031 ], [ -74.069721, 42.67143 ], [ -74.071945, 42.66912 ], [ -74.069899, 42.669242 ], [ -74.07053, 42.667406 ], [ -74.065844, 42.667024 ], [ -74.066749, 42.664482 ], [ -74.066225, 42.662084 ], [ -74.067102, 42.65921 ], [ -74.068332, 42.657863 ], [ -74.072639, 42.657032 ], [ -74.073309, 42.659933 ], [ -74.074943, 42.65895 ], [ -74.076296, 42.659201 ], [ -74.074663, 42.651489 ], [ -74.077256, 42.646053 ], [ -74.07722, 42.644228 ], [ -74.07973, 42.643896 ], [ -74.079978, 42.637323 ], [ -74.082033, 42.633329 ], [ -74.080451, 42.630759 ], [ -74.08412, 42.631362 ], [ -74.088981, 42.629641 ], [ -74.09674, 42.628827 ], [ -74.099877, 42.627037 ], [ -74.102924, 42.626633 ], [ -74.102262, 42.628319 ], [ -74.103177, 42.631795 ], [ -74.10305, 42.634791 ], [ -74.100852, 42.636408 ], [ -74.097413, 42.63649 ], [ -74.095088, 42.634587 ], [ -74.094003, 42.635219 ], [ -74.090628, 42.642343 ], [ -74.099611, 42.641025 ], [ -74.105706, 42.642242 ], [ -74.105024, 42.647079 ], [ -74.101875, 42.651526 ], [ -74.108598, 42.649632 ], [ -74.109232, 42.656082 ], [ -74.115109, 42.656567 ], [ -74.120636, 42.660923 ], [ -74.12131, 42.666871 ], [ -74.129347, 42.661133 ], [ -74.1324, 42.660248 ], [ -74.132309, 42.665582 ], [ -74.131244, 42.669285 ], [ -74.129326, 42.672283 ], [ -74.133858, 42.675672 ], [ -74.138011, 42.67566 ], [ -74.139604, 42.682894 ] ] ] } },
{ "type": "Feature", "properties": { "zcta": "12019" }, "geometry": { "type": "MultiPolygon", "coordinates": [ [ [ [ -73.892337, 42.945619 ], [ -73.880947, 42.946666 ], [ -73.880994, 42.945923 ], [ -73.875502, 42.94627 ], [ -73.875645, 42.947448 ], [ -73.867924, 42.948544 ], [ -73.865837, 42.952277 ], [ -73.865623, 42.955924 ], [ -73.855975, 42.95673 ], [ -73.851211, 42.96598 ], [ -73.836376, 42.967313 ], [ -73.833239, 42.969425 ], [ -73.828169, 42.970148 ], [ -73.825248, 42.968663 ], [ -73.826226, 42.968139 ], [ -73.822197, 42.965519 ], [ -73.821122, 42.966009 ], [ -73.819738, 42.963793 ], [ -73.820655, 42.963474 ], [ -73.82083, 42.961971 ], [ -73.822343, 42.961356 ], [ -73.820705, 42.959578 ], [ -73.81809, 42.95833 ], [ -73.816435, 42.95856 ], [ -73.815394, 42.957799 ], [ -73.814333, 42.959502 ], [ -73.810392, 42.958949 ], [ -73.810436, 42.95949 ], [ -73.803189, 42.952982 ], [ -73.804986, 42.947481 ], [ -73.805188, 42.944271 ], [ -73.801584, 42.924575 ], [ -73.797542, 42.917297 ], [ -73.786055, 42.902963 ], [ -73.788434, 42.902042 ], [ -73.790793, 42.902321 ], [ -73.79466, 42.897506 ], [ -73.804723, 42.901583 ], [ -73.809728, 42.904775 ], [ -73.813808, 42.906137 ], [ -73.816825, 42.905999 ], [ -73.820307, 42.906878 ], [ -73.822902, 42.910109 ], [ -73.829133, 42.908652 ], [ -73.83777, 42.905512 ], [ -73.830903, 42.906236 ], [ -73.826061, 42.904853 ], [ -73.82512, 42.902095 ], [ -73.823552, 42.90145 ], [ -73.824103, 42.900574 ], [ -73.823041, 42.898204 ], [ -73.824068, 42.895122 ], [ -73.822486, 42.893197 ], [ -73.827163, 42.893659 ], [ -73.827342, 42.893148 ], [ -73.831688, 42.891953 ], [ -73.838132, 42.892202 ], [ -73.838697, 42.892933 ], [ -73.837987, 42.894439 ], [ -73.84278, 42.895433 ], [ -73.842764, 42.896823 ], [ -73.847985, 42.897847 ], [ -73.850053, 42.89347 ], [ -73.861743, 42.892358 ], [ -73.864994, 42.883685 ], [ -73.873341, 42.883313 ], [ -73.876216, 42.877194 ], [ -73.883769, 42.877953 ], [ -73.884433, 42.876672 ], [ -73.887367, 42.876973 ], [ -73.887329, 42.880708 ], [ -73.883603, 42.884669 ], [ -73.884331, 42.888669 ], [ -73.879502, 42.888053 ], [ -73.880305, 42.889361 ], [ -73.879582, 42.891341 ], [ -73.880037, 42.89205 ], [ -73.879086, 42.893498 ], [ -73.880131, 42.895586 ], [ -73.880239, 42.900901 ], [ -73.878657, 42.90436 ], [ -73.882075, 42.901821 ], [ -73.882379, 42.904418 ], [ -73.886734, 42.90405 ], [ -73.888508, 42.915925 ], [ -73.886011, 42.916673 ], [ -73.887019, 42.920717 ], [ -73.885259, 42.921804 ], [ -73.886856, 42.929552 ], [ -73.889983, 42.929332 ], [ -73.892337, 42.945619 ] ] ], [ [ [ -73.999919, 42.945029 ], [ -73.996398, 42.94537 ], [ -73.995965, 42.948675 ], [ -73.994513, 42.949014 ], [ -73.994786, 42.951044 ], [ -73.99126, 42.951416 ], [ -73.994059, 42.963494 ], [ -73.996718, 42.963295 ], [ -73.99858, 42.975194 ], [ -73.992685, 42.975615 ], [ -73.9883, 42.97477 ], [ -73.976461, 42.974027 ], [ -73.971409, 42.974354 ], [ -73.966517, 42.97619 ], [ -73.966069, 42.973868 ], [ -73.961608, 42.974181 ], [ -73.959288, 42.956585 ], [ -73.957824, 42.955641 ], [ -73.957897, 42.953034 ], [ -73.953773, 42.949961 ], [ -73.951605, 42.944416 ], [ -73.951982, 42.9412 ], [ -73.951057, 42.936518 ], [ -73.949087, 42.935286 ], [ -73.940553, 42.936075 ], [ -73.937673, 42.933713 ], [ -73.935036, 42.932889 ], [ -73.934554, 42.933196 ], [ -73.932663, 42.920934 ], [ -73.941808, 42.919891 ], [ -73.942242, 42.918647 ], [ -73.944714, 42.919213 ], [ -73.944265, 42.916719 ], [ -73.938287, 42.914688 ], [ -73.936449, 42.912759 ], [ -73.933802, 42.911766 ], [ -73.932162, 42.909151 ], [ -73.930175, 42.907791 ], [ -73.927351, 42.907916 ], [ -73.934779, 42.905409 ], [ -73.926418, 42.904558 ], [ -73.92401, 42.903714 ], [ -73.922381, 42.903959 ], [ -73.922867, 42.902674 ], [ -73.919345, 42.899371 ], [ -73.916671, 42.898924 ], [ -73.91611, 42.897682 ], [ -73.920017, 42.897711 ], [ -73.926976, 42.895359 ], [ -73.931467, 42.894363 ], [ -73.933367, 42.894549 ], [ -73.935039, 42.897665 ], [ -73.936921, 42.897843 ], [ -73.94121, 42.896411 ], [ -73.943803, 42.901481 ], [ -73.954315, 42.897432 ], [ -73.956325, 42.897744 ], [ -73.953104, 42.907643 ], [ -73.95359, 42.908527 ], [ -73.952693, 42.912453 ], [ -73.95147, 42.911897 ], [ -73.947452, 42.913474 ], [ -73.946778, 42.914251 ], [ -73.948967, 42.913652 ], [ -73.953432, 42.915339 ], [ -73.953466, 42.917253 ], [ -73.95597, 42.918405 ], [ -73.95625, 42.920097 ], [ -73.957549, 42.920654 ], [ -73.958785, 42.920118 ], [ -73.961488, 42.920185 ], [ -73.962717, 42.921514 ], [ -73.96726, 42.922227 ], [ -73.971044, 42.924745 ], [ -73.971332, 42.926005 ], [ -73.973789, 42.927302 ], [ -73.975683, 42.930165 ], [ -73.977698, 42.930907 ], [ -73.979458, 42.930628 ], [ -73.981571, 42.929262 ], [ -73.982797, 42.929892 ], [ -73.981996, 42.932457 ], [ -73.985292, 42.932226 ], [ -73.987425, 42.938208 ], [ -73.992731, 42.937784 ], [ -73.993198, 42.940766 ], [ -73.996684, 42.940468 ], [ -73.999348, 42.942107 ], [ -73.999919, 42.945029 ] ] ] ] } },
{ "type": "Feature", "properties": { "zcta": "12022" }, "geometry": { "type": "Polygon", "coordinates": [ [ [ -73.383547, 42.684451 ], [ -73.380264, 42.691355 ], [ -73.378433, 42.692128 ], [ -73.377238, 42.693688 ], [ -73.374049, 42.69433 ], [ -73.374008, 42.696383 ], [ -73.377283, 42.700798 ], [ -73.37486, 42.701975 ], [ -73.374939, 42.705012 ], [ -73.373108, 42.706597 ], [ -73.358067, 42.714032 ], [ -73.348373, 42.711175 ], [ -73.349073, 42.709265 ], [ -73.359882, 42.702238 ], [ -73.369282, 42.699648 ], [ -73.370629, 42.695619 ], [ -73.369846, 42.693552 ], [ -73.350516, 42.701729 ], [ -73.346383, 42.704352 ], [ -73.344952, 42.703512 ], [ -73.341667, 42.702942 ], [ -73.338653, 42.700505 ], [ -73.315795, 42.699595 ], [ -73.294663, 42.701867 ], [ -73.287125, 42.718669 ], [ -73.282021, 42.715358 ], [ -73.278684, 42.720923 ], [ -73.274145059306704, 42.721184806021597 ], [ -73.312549678309395, 42.6177120528152 ], [ -73.358098, 42.614289 ], [ -73.356299, 42.62263 ], [ -73.362016, 42.62302 ], [ -73.362692, 42.624157 ], [ -73.357409, 42.630755 ], [ -73.357082, 42.63412 ], [ -73.358698, 42.634296 ], [ -73.359298, 42.632016 ], [ -73.36234, 42.639671 ], [ -73.378158, 42.653265 ], [ -73.379818, 42.660474 ], [ -73.380049, 42.677236 ], [ -73.382763, 42.677647 ], [ -73.383547, 42.684451 ] ] ] } },
{ "type": "Feature", "properties": { "zcta": "12077" }, "geometry": { "type": "Polygon", "coordinates": [ [ [ -73.816076, 42.594374 ], [ -73.818158, 42.60127 ], [ -73.81251, 42.601752 ], [ -73.813661, 42.604555 ], [ -73.817252, 42.608758 ], [ -73.809873, 42.612898 ], [ -73.81062, 42.613493 ], [ -73.805793, 42.615966 ], [ -73.806343, 42.621435 ], [ -73.803102, 42.621957 ], [ -73.798861, 42.62415 ], [ -73.797613, 42.626235 ], [ -73.783968, 42.626199 ], [ -73.781296, 42.625073 ], [ -73.77676, 42.625451 ], [ -73.773366, 42.622794 ], [ -73.770773, 42.622102 ], [ -73.768558, 42.620272 ], [ -73.764369, 42.62015 ], [ -73.764874, 42.615176 ], [ -73.76351, 42.615859 ], [ -73.762073, 42.613911 ], [ -73.759739, 42.61379 ], [ -73.761265, 42.610379 ], [ -73.761265, 42.600779 ], [ -73.758265, 42.58988 ], [ -73.754365, 42.58258 ], [ -73.752365, 42.57668 ], [ -73.752168, 42.56672 ], [ -73.754962, 42.566475 ], [ -73.754388, 42.564314 ], [ -73.755897, 42.55828 ], [ -73.757297, 42.557735 ], [ -73.757588, 42.556228 ], [ -73.760979, 42.556076 ], [ -73.761654, 42.556871 ], [ -73.76745, 42.558215 ], [ -73.76589, 42.56301 ], [ -73.766386, 42.565923 ], [ -73.77032, 42.565874 ], [ -73.770449, 42.570249 ], [ -73.783516, 42.572114 ], [ -73.78646, 42.570857 ], [ -73.78863, 42.568046 ], [ -73.785883, 42.565335 ], [ -73.786744, 42.558953 ], [ -73.789554, 42.56839 ], [ -73.78775, 42.577868 ], [ -73.791945, 42.580102 ], [ -73.796069, 42.581188 ], [ -73.796701, 42.580105 ], [ -73.79538, 42.574193 ], [ -73.796666, 42.571802 ], [ -73.799335, 42.570306 ], [ -73.800434, 42.568883 ], [ -73.800744, 42.564364 ], [ -73.802268, 42.564019 ], [ -73.803462, 42.562246 ], [ -73.806376, 42.560561 ], [ -73.806197, 42.564418 ], [ -73.804455, 42.569253 ], [ -73.80365, 42.574693 ], [ -73.806545, 42.57371 ], [ -73.813388, 42.577791 ], [ -73.811345, 42.579148 ], [ -73.811704, 42.580193 ], [ -73.809486, 42.582565 ], [ -73.809957, 42.588221 ], [ -73.820423, 42.589704 ], [ -73.816076, 42.594374 ] ] ] } },
{ "type": "Feature", "properties": { "zcta": "12110" }, "geometry": { "type": "Polygon", "coordinates": [ [ [ -73.824797, 42.773203 ], [ -73.819308, 42.773855 ], [ -73.815456, 42.771857 ], [ -73.813281, 42.774576 ], [ -73.809603, 42.775016 ], [ -73.809369, 42.778869 ], [ -73.799297, 42.778944 ], [ -73.797965, 42.779477 ], [ -73.793565, 42.782577 ], [ -73.787065, 42.789677 ], [ -73.782464, 42.791777 ], [ -73.779964, 42.792177 ], [ -73.777364, 42.791777 ], [ -73.768764, 42.785877 ], [ -73.766664, 42.786077 ], [ -73.764865, 42.787277 ], [ -73.761496, 42.791579 ], [ -73.76091, 42.791016 ], [ -73.76358, 42.786263 ], [ -73.767052, 42.784466 ], [ -73.768434, 42.779318 ], [ -73.767511, 42.776493 ], [ -73.770527, 42.776658 ], [ -73.76982, 42.775201 ], [ -73.765646, 42.774797 ], [ -73.760835, 42.776259 ], [ -73.75531, 42.776819 ], [ -73.753201, 42.771958 ], [ -73.75433, 42.767059 ], [ -73.753847, 42.762453 ], [ -73.749825, 42.762765 ], [ -73.744097, 42.765271 ], [ -73.741002, 42.765252 ], [ -73.740464, 42.764079 ], [ -73.737613, 42.765193 ], [ -73.737023, 42.763875 ], [ -73.737511, 42.760327 ], [ -73.73614, 42.755995 ], [ -73.736631, 42.750515 ], [ -73.734546, 42.749551 ], [ -73.735584, 42.743198 ], [ -73.733887, 42.744106 ], [ -73.729616, 42.742302 ], [ -73.730869, 42.738275 ], [ -73.737078, 42.728778 ], [ -73.741686, 42.724812 ], [ -73.74429, 42.716837 ], [ -73.744656, 42.718312 ], [ -73.746784, 42.718439 ], [ -73.746121, 42.722605 ], [ -73.748777, 42.72297 ], [ -73.74888, 42.724354 ], [ -73.751774, 42.724318 ], [ -73.751823, 42.723235 ], [ -73.753839, 42.721771 ], [ -73.753005, 42.720493 ], [ -73.754278, 42.719913 ], [ -73.755105, 42.720748 ], [ -73.7556, 42.720346 ], [ -73.757687, 42.723542 ], [ -73.760178, 42.722496 ], [ -73.759974, 42.72137 ], [ -73.761614, 42.721304 ], [ -73.764125, 42.724141 ], [ -73.766757, 42.724825 ], [ -73.767107, 42.72301 ], [ -73.769281, 42.722749 ], [ -73.769185, 42.725434 ], [ -73.771995, 42.725813 ], [ -73.772829, 42.727193 ], [ -73.774278, 42.727549 ], [ -73.775137, 42.727329 ], [ -73.776819, 42.724943 ], [ -73.780751, 42.726031 ], [ -73.782623, 42.725721 ], [ -73.782504, 42.727428 ], [ -73.783697, 42.72738 ], [ -73.78759, 42.724284 ], [ -73.789975, 42.724698 ], [ -73.791327, 42.723924 ], [ -73.795685, 42.728041 ], [ -73.807492, 42.736044 ], [ -73.809543, 42.744984 ], [ -73.813642, 42.746108 ], [ -73.814121, 42.751378 ], [ -73.818369, 42.752293 ], [ -73.818695, 42.754126 ], [ -73.823659, 42.755749 ], [ -73.823105, 42.760095 ], [ -73.824588, 42.76475 ], [ -73.823776, 42.767268 ], [ -73.819425, 42.769394 ], [ -73.824797, 42.773203 ] ] ] } },
{ "type": "Feature", "properties": { "zcta": "12185" }, "geometry": { "type": "Polygon", "coordinates": [ [ [ -73.585256, 42.866639 ], [ -73.58449, 42.868604 ], [ -73.580762, 42.872096 ], [ -73.57293, 42.871005 ], [ -73.564505, 42.868685 ], [ -73.566514, 42.886326 ], [ -73.570287, 42.886604 ], [ -73.573891, 42.883314 ], [ -73.578814, 42.88468 ], [ -73.573518, 42.898222 ], [ -73.57162, 42.899463 ], [ -73.57169, 42.901429 ], [ -73.57029, 42.904038 ], [ -73.568607, 42.905531 ], [ -73.565334, 42.905599 ], [ -73.565303, 42.90779 ], [ -73.564625, 42.907659 ], [ -73.56819, 42.909121 ], [ -73.575044, 42.908712 ], [ -73.580121, 42.90741 ], [ -73.585007, 42.907376 ], [ -73.583619, 42.913064 ], [ -73.578974, 42.917499 ], [ -73.573267, 42.921602 ], [ -73.564427, 42.923222 ], [ -73.558843, 42.925399 ], [ -73.559907, 42.926983 ], [ -73.560548, 42.937568 ], [ -73.55987, 42.942532 ], [ -73.546832, 42.942786 ], [ -73.54461, 42.948772 ], [ -73.540361, 42.952917 ], [ -73.538415, 42.955967 ], [ -73.538578, 42.95919 ], [ -73.536606, 42.961569 ], [ -73.537776, 42.966482 ], [ -73.539527, 42.969301 ], [ -73.539465, 42.975247 ], [ -73.544513, 42.975105 ], [ -73.546682, 42.976368 ], [ -73.548958, 42.97656 ], [ -73.551254, 42.98758 ], [ -73.547845, 42.989354 ], [ -73.548411, 42.99079 ], [ -73.543171, 42.990965 ], [ -73.540632, 42.996552 ], [ -73.537121, 42.996678 ], [ -73.53528, 42.997554 ], [ -73.532722, 42.997483 ], [ -73.533269, 42.996266 ], [ -73.536305, 42.993845 ], [ -73.535439, 42.991563 ], [ -73.499802, 42.993711 ], [ -73.502605, 42.986936 ], [ -73.505316, 42.985511 ], [ -73.494167, 42.987205 ], [ -73.494289, 42.991228 ], [ -73.490601, 42.993331 ], [ -73.4898, 42.992271 ], [ -73.48664, 42.993611 ], [ -73.483269, 42.993794 ], [ -73.482279, 42.988773 ], [ -73.484928, 42.987362 ], [ -73.48706, 42.984551 ], [ -73.512655, 42.98163 ], [ -73.511093, 42.971943 ], [ -73.511056, 42.957637 ], [ -73.514984, 42.956203 ], [ -73.517183, 42.956813 ], [ -73.520035, 42.958756 ], [ -73.522263, 42.95432 ], [ -73.519725, 42.9467 ], [ -73.519886, 42.943309 ], [ -73.527618, 42.943162 ], [ -73.527753, 42.937717 ], [ -73.529276, 42.935379 ], [ -73.527672, 42.933507 ], [ -73.528576, 42.929874 ], [ -73.519754, 42.925794 ], [ -73.522214, 42.924573 ], [ -73.525856, 42.925338 ], [ -73.52504, 42.921795 ], [ -73.514185, 42.917996 ], [ -73.524845, 42.920894 ], [ -73.526372, 42.920235 ], [ -73.525121, 42.917189 ], [ -73.526742, 42.916341 ], [ -73.530808, 42.917638 ], [ -73.53284, 42.917703 ], [ -73.534817, 42.916634 ], [ -73.53549, 42.914751 ], [ -73.533139, 42.911284 ], [ -73.533284, 42.909803 ], [ -73.531997, 42.909064 ], [ -73.535859, 42.907323 ], [ -73.541426, 42.906044 ], [ -73.543167, 42.899413 ], [ -73.532572, 42.89896 ], [ -73.53016, 42.897264 ], [ -73.5299, 42.895586 ], [ -73.532608, 42.895154 ], [ -73.53445, 42.888286 ], [ -73.537438, 42.888576 ], [ -73.539917, 42.882274 ], [ -73.541275, 42.88255 ], [ -73.540316, 42.877317 ], [ -73.541832, 42.877001 ], [ -73.540901, 42.873316 ], [ -73.542607, 42.873129 ], [ -73.542212, 42.869459 ], [ -73.543346, 42.869158 ], [ -73.541649, 42.868223 ], [ -73.539036, 42.867955 ], [ -73.538148, 42.865477 ], [ -73.536206, 42.865786 ], [ -73.534242, 42.862558 ], [ -73.516661, 42.865143 ], [ -73.51681, 42.867271 ], [ -73.513786, 42.867577 ], [ -73.513972, 42.86892 ], [ -73.505684, 42.869811 ], [ -73.505105, 42.866959 ], [ -73.498665, 42.867543 ], [ -73.497572, 42.862052 ], [ -73.495889, 42.862155 ], [ -73.499025, 42.857911 ], [ -73.499855, 42.855555 ], [ -73.494048, 42.853772 ], [ -73.49077, 42.849384 ], [ -73.486344, 42.84012 ], [ -73.484135, 42.842441 ], [ -73.482892, 42.845708 ], [ -73.480832, 42.846441 ], [ -73.475518, 42.845038 ], [ -73.473133, 42.846692 ], [ -73.468563, 42.847444 ], [ -73.465709, 42.84687 ], [ -73.465536, 42.846341 ], [ -73.470694, 42.845772 ], [ -73.478167, 42.843078 ], [ -73.481462, 42.840563 ], [ -73.483553, 42.837511 ], [ -73.484346, 42.840008 ], [ -73.486315, 42.840008 ], [ -73.484759, 42.832407 ], [ -73.489851, 42.82984 ], [ -73.490608, 42.827142 ], [ -73.490147, 42.824976 ], [ -73.48521, 42.824893 ], [ -73.485053, 42.824032 ], [ -73.48703, 42.823626 ], [ -73.487816, 42.824052 ], [ -73.491944, 42.822249 ], [ -73.493054, 42.822607 ], [ -73.49694, 42.821864 ], [ -73.498553, 42.822225 ], [ -73.498334, 42.823149 ], [ -73.504371, 42.822825 ], [ -73.507273, 42.821825 ], [ -73.510168, 42.821661 ], [ -73.511733, 42.819618 ], [ -73.514664, 42.818833 ], [ -73.516484, 42.817599 ], [ -73.517233, 42.819388 ], [ -73.520172, 42.819411 ], [ -73.517228, 42.819786 ], [ -73.516225, 42.821753 ], [ -73.516431, 42.823039 ], [ -73.518814, 42.825556 ], [ -73.51924, 42.827418 ], [ -73.52221, 42.83034 ], [ -73.524224, 42.831287 ], [ -73.523762, 42.831812 ], [ -73.526011, 42.831613 ], [ -73.54345, 42.843147 ], [ -73.550645, 42.852243 ], [ -73.553766, 42.850478 ], [ -73.554692, 42.851781 ], [ -73.556649, 42.851832 ], [ -73.557829, 42.853057 ], [ -73.56115, 42.852678 ], [ -73.561994, 42.853111 ], [ -73.564825, 42.852243 ], [ -73.565873, 42.852668 ], [ -73.567993, 42.851331 ], [ -73.572206, 42.854195 ], [ -73.576855, 42.85547 ], [ -73.582936, 42.856162 ], [ -73.579401, 42.857399 ], [ -73.576779, 42.86029 ], [ -73.577104, 42.861362 ], [ -73.578652, 42.860204 ], [ -73.579554, 42.86196 ], [ -73.581364, 42.862208 ], [ -73.581503, 42.863716 ], [ -73.580455, 42.865435 ], [ -73.582688, 42.864911 ], [ -73.584622, 42.865545 ], [ -73.585256, 42.866639 ] ] ] } },
{ "type": "Feature", "properties": { "zcta": "12193" }, "geometry": { "type": "Polygon", "coordinates": [ [ [ -74.112148, 42.520791 ], [ -74.107288, 42.520645 ], [ -74.103096, 42.52404 ], [ -74.093515, 42.526366 ], [ -74.099345, 42.553086 ], [ -74.092151, 42.553984 ], [ -74.090533, 42.54448 ], [ -74.091279, 42.540799 ], [ -74.090342, 42.539482 ], [ -74.087938, 42.539782 ], [ -74.0865, 42.53887 ], [ -74.085984, 42.536476 ], [ -74.082603, 42.535673 ], [ -74.075975, 42.536072 ], [ -74.081603, 42.560248 ], [ -74.079096, 42.560378 ], [ -74.074071, 42.558889 ], [ -74.072466, 42.560296 ], [ -74.071905, 42.564045 ], [ -74.075222, 42.579167 ], [ -74.073476, 42.579381 ], [ -74.074047, 42.58188 ], [ -74.068862, 42.58244 ], [ -74.069723, 42.586131 ], [ -74.068029, 42.588799 ], [ -74.057496, 42.590377 ], [ -74.050396, 42.559555 ], [ -74.043338, 42.560402 ], [ -74.044121, 42.563044 ], [ -74.031461, 42.568372 ], [ -74.031728, 42.56182 ], [ -74.001036, 42.565627 ], [ -73.996274, 42.544868 ], [ -73.975523, 42.54272 ], [ -73.971369, 42.506388 ], [ -73.963713, 42.506486 ], [ -73.963158, 42.502604 ], [ -73.961703, 42.501417 ], [ -73.963425, 42.499432 ], [ -73.967815, 42.496529 ], [ -73.970143, 42.496056 ], [ -73.970071, 42.495514 ], [ -73.973892, 42.496352 ], [ -73.979062, 42.494668 ], [ -73.98111, 42.492953 ], [ -73.979677, 42.492371 ], [ -73.981755, 42.48821 ], [ -73.983893, 42.489765 ], [ -73.992241, 42.4915 ], [ -73.995452, 42.490375 ], [ -73.999076, 42.490257 ], [ -74.005302, 42.487039 ], [ -74.008993, 42.486836 ], [ -74.011804, 42.485294 ], [ -74.020244, 42.48517 ], [ -74.026462, 42.481208 ], [ -74.025835, 42.480168 ], [ -74.026826, 42.475624 ], [ -74.03344, 42.477121 ], [ -74.04076, 42.470265 ], [ -74.042578, 42.4707 ], [ -74.045675, 42.473012 ], [ -74.047332, 42.477728 ], [ -74.054046, 42.47729 ], [ -74.06368, 42.47971 ], [ -74.065492, 42.47893 ], [ -74.068953, 42.474088 ], [ -74.067312, 42.472144 ], [ -74.059772, 42.465724 ], [ -74.056064, 42.465654 ], [ -74.053398, 42.466292 ], [ -74.050671, 42.464712 ], [ -74.053684, 42.462023 ], [ -74.056887, 42.457413 ], [ -74.059496, 42.457882 ], [ -74.062073, 42.452542 ], [ -74.07401, 42.452713 ], [ -74.073366, 42.454627 ], [ -74.073527, 42.459389 ], [ -74.079187, 42.460442 ], [ -74.084231, 42.460661 ], [ -74.085336, 42.460059 ], [ -74.08483, 42.454234 ], [ -74.085894, 42.452706 ], [ -74.096645, 42.452345 ], [ -74.102584, 42.478223 ], [ -74.099936, 42.478563 ], [ -74.100757, 42.48253 ], [ -74.099773, 42.48266 ], [ -74.100667, 42.486631 ], [ -74.093931, 42.48743 ], [ -74.095089, 42.494026 ], [ -74.101394, 42.493497 ], [ -74.09973, 42.497333 ], [ -74.100637, 42.501104 ], [ -74.102091, 42.500979 ], [ -74.10373, 42.507793 ], [ -74.102183, 42.50841 ], [ -74.099568, 42.511904 ], [ -74.100213, 42.515699 ], [ -74.10327, 42.515321 ], [ -74.104695, 42.512925 ], [ -74.108554, 42.512903 ], [ -74.11008, 42.511442 ], [ -74.112148, 42.520791 ] ] ] } },
{ "type": "Feature", "properties": { "zcta": "12198" }, "geometry": { "type": "Polygon", "coordinates": [ [ [ -73.685966, 42.672185 ], [ -73.659218, 42.6781 ], [ -73.660065, 42.682537 ], [ -73.658404, 42.684552 ], [ -73.659425, 42.685633 ], [ -73.662501, 42.686689 ], [ -73.663597, 42.688766 ], [ -73.665342, 42.688857 ], [ -73.668954, 42.691467 ], [ -73.658761, 42.69178 ], [ -73.65811, 42.693329 ], [ -73.659408, 42.693942 ], [ -73.659125, 42.69606 ], [ -73.660509, 42.697407 ], [ -73.632483, 42.700584 ], [ -73.633858, 42.701557 ], [ -73.634665, 42.703292 ], [ -73.629337, 42.705059 ], [ -73.629784, 42.706661 ], [ -73.632025, 42.708531 ], [ -73.630886, 42.709863 ], [ -73.636744, 42.712116 ], [ -73.632437, 42.713277 ], [ -73.632465, 42.71399 ], [ -73.629628, 42.713748 ], [ -73.626822, 42.7174 ], [ -73.624522, 42.715617 ], [ -73.620183, 42.719738 ], [ -73.618461, 42.718549 ], [ -73.613312, 42.717492 ], [ -73.612321, 42.720248 ], [ -73.610763, 42.721521 ], [ -73.606874, 42.720783 ], [ -73.607378, 42.718392 ], [ -73.609433, 42.717243 ], [ -73.60886, 42.716119 ], [ -73.605839, 42.716207 ], [ -73.604265, 42.713398 ], [ -73.600195, 42.712845 ], [ -73.598695, 42.710384 ], [ -73.599371, 42.706544 ], [ -73.603344, 42.704007 ], [ -73.595062, 42.705025 ], [ -73.5958, 42.703644 ], [ -73.594963, 42.701157 ], [ -73.597236, 42.700148 ], [ -73.598484, 42.694176 ], [ -73.59579, 42.693303 ], [ -73.605701, 42.692524 ], [ -73.609539, 42.688929 ], [ -73.608426, 42.687573 ], [ -73.604469, 42.68549 ], [ -73.60539, 42.683737 ], [ -73.602505, 42.680485 ], [ -73.60034, 42.680082 ], [ -73.598913, 42.680844 ], [ -73.597787, 42.679424 ], [ -73.599367, 42.678383 ], [ -73.598228, 42.677753 ], [ -73.599012, 42.676823 ], [ -73.59736, 42.676118 ], [ -73.594125, 42.670366 ], [ -73.600775, 42.666197 ], [ -73.615575, 42.662385 ], [ -73.614866, 42.659461 ], [ -73.611251, 42.658866 ], [ -73.613064, 42.656801 ], [ -73.615509, 42.659483 ], [ -73.62079, 42.659867 ], [ -73.627858, 42.637894 ], [ -73.630825, 42.640118 ], [ -73.632188, 42.639455 ], [ -73.632937, 42.637741 ], [ -73.636841, 42.636888 ], [ -73.653431, 42.639331 ], [ -73.653496, 42.643401 ], [ -73.652687, 42.643261 ], [ -73.653445, 42.651142 ], [ -73.658842, 42.651761 ], [ -73.658865, 42.658632 ], [ -73.676504, 42.666614 ], [ -73.678898, 42.664062 ], [ -73.679801, 42.664452 ], [ -73.68256, 42.666628 ], [ -73.680111, 42.666603 ], [ -73.6796, 42.667905 ], [ -73.685966, 42.672185 ] ] ] } },
{ "type": "Feature", "properties": { "zcta": "12205" }, "geometry": { "type": "Polygon", "coordinates": [ [ [ -73.878215, 42.744425 ], [ -73.873473, 42.748397 ], [ -73.870768, 42.746372 ], [ -73.873234, 42.749656 ], [ -73.870938, 42.750961 ], [ -73.868015, 42.755852 ], [ -73.865949, 42.757301 ], [ -73.86338, 42.757653 ], [ -73.861895, 42.761967 ], [ -73.858784, 42.7607 ], [ -73.858253, 42.761244 ], [ -73.855092, 42.76128 ], [ -73.855136, 42.759701 ], [ -73.846583, 42.758086 ], [ -73.847351, 42.75622 ], [ -73.850662, 42.752855 ], [ -73.850374, 42.752224 ], [ -73.847877, 42.75204 ], [ -73.847917, 42.749606 ], [ -73.846781, 42.747023 ], [ -73.843313, 42.747786 ], [ -73.842157, 42.746587 ], [ -73.843642, 42.743569 ], [ -73.837272, 42.743215 ], [ -73.83257, 42.739878 ], [ -73.82944, 42.738705 ], [ -73.822824, 42.738857 ], [ -73.819387, 42.740118 ], [ -73.81767, 42.738992 ], [ -73.812707, 42.739162 ], [ -73.814124, 42.736688 ], [ -73.813199, 42.734629 ], [ -73.815266, 42.72911 ], [ -73.814818, 42.728207 ], [ -73.805326, 42.724502 ], [ -73.796191, 42.728414 ], [ -73.789985, 42.722199 ], [ -73.793822, 42.720232 ], [ -73.793054, 42.7194 ], [ -73.789308, 42.721329 ], [ -73.785374, 42.716299 ], [ -73.793925, 42.710619 ], [ -73.790964, 42.707921 ], [ -73.791131, 42.707237 ], [ -73.793709, 42.705846 ], [ -73.792718, 42.705026 ], [ -73.789417, 42.706456 ], [ -73.787143, 42.704302 ], [ -73.780358, 42.708019 ], [ -73.779211, 42.707769 ], [ -73.777621, 42.706035 ], [ -73.776934, 42.706289 ], [ -73.776055, 42.704756 ], [ -73.777314, 42.702438 ], [ -73.78033, 42.701931 ], [ -73.779205, 42.698511 ], [ -73.775565, 42.697152 ], [ -73.776933, 42.696446 ], [ -73.779059, 42.697213 ], [ -73.778027, 42.696278 ], [ -73.777524, 42.694146 ], [ -73.778157, 42.692254 ], [ -73.773657, 42.688505 ], [ -73.772885, 42.68615 ], [ -73.771626, 42.686123 ], [ -73.772829, 42.68318 ], [ -73.768704, 42.681288 ], [ -73.769707, 42.680035 ], [ -73.784923, 42.682394 ], [ -73.792612, 42.686214 ], [ -73.798086, 42.687121 ], [ -73.791654, 42.681494 ], [ -73.794357, 42.679764 ], [ -73.798809, 42.682308 ], [ -73.801709, 42.678954 ], [ -73.801905, 42.683332 ], [ -73.803512, 42.686604 ], [ -73.812322, 42.688059 ], [ -73.830332, 42.693992 ], [ -73.830644, 42.693262 ], [ -73.834202, 42.693699 ], [ -73.841528, 42.690438 ], [ -73.84195, 42.689739 ], [ -73.84748, 42.69148 ], [ -73.848521, 42.69241 ], [ -73.851597, 42.700552 ], [ -73.871255, 42.712457 ], [ -73.869062, 42.714514 ], [ -73.877814, 42.719396 ], [ -73.874302, 42.720732 ], [ -73.870648, 42.724112 ], [ -73.874644, 42.726323 ], [ -73.870333, 42.730207 ], [ -73.878046, 42.734757 ], [ -73.875507, 42.73713 ], [ -73.885485, 42.745509 ], [ -73.878215, 42.744425 ] ] ] } },
{ "type": "Feature", "properties": { "zcta": "12209" }, "geometry": { "type": "Polygon", "coordinates": [ [ [ -73.809973, 42.637284 ], [ -73.809204, 42.639149 ], [ -73.802879, 42.643464 ], [ -73.80772, 42.646047 ], [ -73.801965, 42.651967 ], [ -73.784205, 42.643698 ], [ -73.781576, 42.644057 ], [ -73.773099, 42.646977 ], [ -73.772669, 42.647334 ], [ -73.77361, 42.648436 ], [ -73.772196, 42.649294 ], [ -73.771086, 42.646991 ], [ -73.771831, 42.646154 ], [ -73.771418, 42.645582 ], [ -73.770051, 42.645135 ], [ -73.770273, 42.64461 ], [ -73.767948, 42.643976 ], [ -73.769207, 42.640515 ], [ -73.770728, 42.6406 ], [ -73.772318, 42.641789 ], [ -73.771461, 42.639247 ], [ -73.773418, 42.639155 ], [ -73.774433, 42.635399 ], [ -73.777036, 42.635797 ], [ -73.774995, 42.634506 ], [ -73.77676, 42.625451 ], [ -73.781296, 42.625073 ], [ -73.789075, 42.628045 ], [ -73.790685, 42.627045 ], [ -73.795457, 42.626772 ], [ -73.795266, 42.629611 ], [ -73.797115, 42.629839 ], [ -73.79777, 42.633968 ], [ -73.80298, 42.63436 ], [ -73.808008, 42.631858 ], [ -73.809338, 42.632891 ], [ -73.809973, 42.637284 ] ] ] } },
{ "type": "Feature", "properties": { "zcta": "12120" }, "geometry": { "type": "Polygon", "coordinates": [ [ [ -74.186211, 42.44861 ], [ -74.180826, 42.449275 ], [ -74.181725, 42.453446 ], [ -74.180902, 42.454521 ], [ -74.18531, 42.454166 ], [ -74.183704, 42.456385 ], [ -74.182397, 42.456249 ], [ -74.181111, 42.459458 ], [ -74.17884, 42.4617 ], [ -74.174101, 42.463087 ], [ -74.174762, 42.465855 ], [ -74.174496, 42.46939 ], [ -74.181411, 42.46852 ], [ -74.182106, 42.464798 ], [ -74.182904, 42.465712 ], [ -74.181468, 42.470566 ], [ -74.18234, 42.471168 ], [ -74.18192, 42.478057 ], [ -74.183054, 42.479451 ], [ -74.182557, 42.481474 ], [ -74.184135, 42.484499 ], [ -74.183421, 42.486141 ], [ -74.182091, 42.48682 ], [ -74.182607, 42.488734 ], [ -74.181874, 42.490998 ], [ -74.176257, 42.491692 ], [ -74.177095, 42.495301 ], [ -74.167315, 42.4965 ], [ -74.166201, 42.491309 ], [ -74.166328, 42.485157 ], [ -74.160781, 42.48535 ], [ -74.156784, 42.486386 ], [ -74.152987, 42.489166 ], [ -74.15125, 42.491464 ], [ -74.147509, 42.493222 ], [ -74.146199, 42.492424 ], [ -74.142085, 42.474651 ], [ -74.144368, 42.472198 ], [ -74.143878, 42.4698 ], [ -74.141128, 42.470193 ], [ -74.141505, 42.471745 ], [ -74.140491, 42.473476 ], [ -74.124301, 42.475618 ], [ -74.123369, 42.477022 ], [ -74.118443, 42.480251 ], [ -74.114329, 42.484112 ], [ -74.112545, 42.488006 ], [ -74.10964, 42.491355 ], [ -74.107199, 42.498065 ], [ -74.095722, 42.448291 ], [ -74.09946, 42.447156 ], [ -74.098779, 42.445556 ], [ -74.100558, 42.443931 ], [ -74.105997, 42.443311 ], [ -74.106136, 42.446086 ], [ -74.108857, 42.446544 ], [ -74.111102, 42.444521 ], [ -74.11395, 42.443508 ], [ -74.113893, 42.442402 ], [ -74.115024, 42.440954 ], [ -74.117165, 42.44033 ], [ -74.117365, 42.438855 ], [ -74.124345, 42.433997 ], [ -74.128422, 42.433375 ], [ -74.130217, 42.431417 ], [ -74.131437, 42.431377 ], [ -74.132602, 42.426022 ], [ -74.13168, 42.425052 ], [ -74.129067, 42.425436 ], [ -74.126442, 42.422984 ], [ -74.125777, 42.420705 ], [ -74.126457, 42.419907 ], [ -74.118802, 42.419024 ], [ -74.109992, 42.412778 ], [ -74.124617, 42.411743 ], [ -74.129637, 42.410845 ], [ -74.131125, 42.411884 ], [ -74.131091, 42.413866 ], [ -74.134527, 42.411295 ], [ -74.137196, 42.411112 ], [ -74.138783, 42.41189 ], [ -74.139268, 42.420385 ], [ -74.137404, 42.421581 ], [ -74.149656, 42.419995 ], [ -74.151996, 42.429409 ], [ -74.150742, 42.4327 ], [ -74.152292, 42.437548 ], [ -74.153733, 42.437255 ], [ -74.154557, 42.440506 ], [ -74.162341, 42.439363 ], [ -74.164283, 42.439631 ], [ -74.164553, 42.440977 ], [ -74.167197, 42.441452 ], [ -74.162537, 42.446288 ], [ -74.165268, 42.446965 ], [ -74.185014, 42.444603 ], [ -74.186211, 42.44861 ] ] ] } },
{ "type": "Feature", "properties": { "zcta": "12123" }, "geometry": { "type": "Polygon", "coordinates": [ [ [ -73.682244, 42.523522 ], [ -73.681785, 42.524021 ], [ -73.679692, 42.522798 ], [ -73.675247, 42.521692 ], [ -73.6726, 42.525713 ], [ -73.672623, 42.527737 ], [ -73.666015, 42.528238 ], [ -73.663558, 42.532165 ], [ -73.660173, 42.535137 ], [ -73.663408, 42.539075 ], [ -73.661087, 42.540267 ], [ -73.661823, 42.545767 ], [ -73.656568, 42.547544 ], [ -73.654849, 42.547248 ], [ -73.65613, 42.551213 ], [ -73.655324, 42.554308 ], [ -73.657007, 42.554961 ], [ -73.657639, 42.55779 ], [ -73.655342, 42.558107 ], [ -73.651131, 42.556282 ], [ -73.64746, 42.558209 ], [ -73.64579, 42.558409 ], [ -73.643673, 42.560595 ], [ -73.638801, 42.561316 ], [ -73.638806, 42.557545 ], [ -73.63469, 42.556657 ], [ -73.633097, 42.553762 ], [ -73.627368, 42.553647 ], [ -73.625841, 42.557149 ], [ -73.62414, 42.558136 ], [ -73.625108, 42.560779 ], [ -73.627886, 42.561506 ], [ -73.627688, 42.56323 ], [ -73.62456, 42.564027 ], [ -73.617907, 42.564532 ], [ -73.615355, 42.567219 ], [ -73.608454, 42.570294 ], [ -73.607468, 42.566308 ], [ -73.605539, 42.566325 ], [ -73.604429, 42.561617 ], [ -73.598698, 42.56443 ], [ -73.596359, 42.564911 ], [ -73.595977, 42.564091 ], [ -73.596984, 42.561546 ], [ -73.596234, 42.561595 ], [ -73.595247, 42.564783 ], [ -73.595393, 42.568673 ], [ -73.597687, 42.572914 ], [ -73.594238, 42.573745 ], [ -73.588586, 42.574134 ], [ -73.580194, 42.57789 ], [ -73.574528, 42.581246 ], [ -73.570025, 42.582277 ], [ -73.569758, 42.585427 ], [ -73.566116, 42.585368 ], [ -73.564087, 42.58626 ], [ -73.562456, 42.585827 ], [ -73.55991, 42.583636 ], [ -73.557195, 42.583448 ], [ -73.553782, 42.587296 ], [ -73.552812, 42.589667 ], [ -73.551518, 42.590247 ], [ -73.549173, 42.58895 ], [ -73.546897, 42.59081 ], [ -73.54742, 42.585344 ], [ -73.543824, 42.579912 ], [ -73.547165, 42.578808 ], [ -73.549963, 42.579096 ], [ -73.550361, 42.577764 ], [ -73.552737, 42.576305 ], [ -73.555841, 42.572493 ], [ -73.560286, 42.571591 ], [ -73.564613, 42.574204 ], [ -73.567993, 42.57211 ], [ -73.564554, 42.573129 ], [ -73.562995, 42.567484 ], [ -73.561171, 42.567484 ], [ -73.555506, 42.561167 ], [ -73.557969, 42.560211 ], [ -73.558933, 42.560904 ], [ -73.562666, 42.561007 ], [ -73.565414, 42.560142 ], [ -73.566025, 42.559406 ], [ -73.568506, 42.559693 ], [ -73.569154, 42.55465 ], [ -73.571309, 42.555775 ], [ -73.575086, 42.55502 ], [ -73.574721, 42.550012 ], [ -73.570899, 42.552149 ], [ -73.569694, 42.549031 ], [ -73.58096, 42.547906 ], [ -73.582823, 42.546298 ], [ -73.582867, 42.545149 ], [ -73.5812, 42.54535 ], [ -73.578479, 42.544202 ], [ -73.579165, 42.540511 ], [ -73.575675, 42.536549 ], [ -73.573122, 42.535135 ], [ -73.577266, 42.527817 ], [ -73.574856, 42.522605 ], [ -73.56906, 42.51995 ], [ -73.569897, 42.517785 ], [ -73.571993, 42.516241 ], [ -73.568952, 42.511857 ], [ -73.564581, 42.509381 ], [ -73.558334, 42.507114 ], [ -73.558937, 42.505897 ], [ -73.557995, 42.502202 ], [ -73.556208, 42.501312 ], [ -73.554472, 42.499371 ], [ -73.552801, 42.499749 ], [ -73.550564, 42.50174 ], [ -73.542027, 42.501302 ], [ -73.542649, 42.507505 ], [ -73.541126, 42.510934 ], [ -73.537754, 42.512438 ], [ -73.536497, 42.511663 ], [ -73.534047, 42.511904 ], [ -73.533225, 42.510229 ], [ -73.533592, 42.506834 ], [ -73.530413, 42.507593 ], [ -73.53406, 42.501419 ], [ -73.537251, 42.500288 ], [ -73.532436, 42.497094 ], [ -73.530049, 42.49738 ], [ -73.529962, 42.498743 ], [ -73.515175, 42.499319 ], [ -73.515504, 42.513535 ], [ -73.514237, 42.51454 ], [ -73.510715, 42.514576 ], [ -73.509469, 42.513805 ], [ -73.508755, 42.507719 ], [ -73.507385, 42.506837 ], [ -73.508587, 42.503951 ], [ -73.509739, 42.495852 ], [ -73.510759, 42.494896 ], [ -73.5126, 42.495001 ], [ -73.513312, 42.493161 ], [ -73.523105, 42.491938 ], [ -73.52448, 42.490878 ], [ -73.528997, 42.490086 ], [ -73.530105, 42.48842 ], [ -73.538588, 42.488708 ], [ -73.538981, 42.486108 ], [ -73.541526, 42.485531 ], [ -73.540287, 42.488081 ], [ -73.542506, 42.488081 ], [ -73.541521, 42.489703 ], [ -73.54616, 42.489143 ], [ -73.546291, 42.488322 ], [ -73.547595, 42.487648 ], [ -73.547465, 42.486107 ], [ -73.554771, 42.486781 ], [ -73.554397, 42.488163 ], [ -73.58317, 42.484494 ], [ -73.585789, 42.48058 ], [ -73.590482, 42.477526 ], [ -73.591251, 42.475465 ], [ -73.591864, 42.478899 ], [ -73.594032, 42.483428 ], [ -73.614578, 42.481336 ], [ -73.615522, 42.479292 ], [ -73.615672, 42.475202 ], [ -73.625582, 42.476368 ], [ -73.631764, 42.475409 ], [ -73.632499, 42.47486 ], [ -73.633178, 42.479478 ], [ -73.650462, 42.477707 ], [ -73.650606, 42.481764 ], [ -73.649089, 42.483233 ], [ -73.660964, 42.482232 ], [ -73.659958, 42.483274 ], [ -73.66124, 42.484764 ], [ -73.660955, 42.486711 ], [ -73.657662, 42.486785 ], [ -73.657387, 42.489471 ], [ -73.656024, 42.489265 ], [ -73.656661, 42.491202 ], [ -73.655866, 42.49524 ], [ -73.660647, 42.496518 ], [ -73.663581, 42.498011 ], [ -73.673981, 42.497053 ], [ -73.672672, 42.500411 ], [ -73.67013, 42.500993 ], [ -73.670166, 42.503101 ], [ -73.670787, 42.503781 ], [ -73.6729, 42.50361 ], [ -73.676166, 42.508817 ], [ -73.673371, 42.509229 ], [ -73.671196, 42.508803 ], [ -73.667383, 42.510006 ], [ -73.666265, 42.512949 ], [ -73.667679, 42.516688 ], [ -73.668831, 42.518007 ], [ -73.669997, 42.518178 ], [ -73.670719, 42.51977 ], [ -73.671828, 42.520098 ], [ -73.675674, 42.519413 ], [ -73.677735, 42.520356 ], [ -73.679404, 42.519874 ], [ -73.68055, 42.520476 ], [ -73.682244, 42.523522 ] ] ] } },
{ "type": "Feature", "properties": { "zcta": "12143" }, "geometry": { "type": "Polygon", "coordinates": [ [ [ -73.892962, 42.50379 ], [ -73.894246, 42.509492 ], [ -73.888337, 42.524154 ], [ -73.887398, 42.529044 ], [ -73.885361, 42.529402 ], [ -73.884819, 42.532724 ], [ -73.883467, 42.533125 ], [ -73.877469, 42.532558 ], [ -73.877763, 42.533645 ], [ -73.869186, 42.534842 ], [ -73.868696, 42.53294 ], [ -73.863808, 42.532192 ], [ -73.862448, 42.530998 ], [ -73.847244, 42.529508 ], [ -73.846652, 42.527688 ], [ -73.848558, 42.524161 ], [ -73.848835, 42.519224 ], [ -73.847482, 42.518282 ], [ -73.843792, 42.517756 ], [ -73.839988, 42.515498 ], [ -73.838107, 42.513545 ], [ -73.836473, 42.507309 ], [ -73.83655, 42.503153 ], [ -73.830247, 42.499938 ], [ -73.82524, 42.495824 ], [ -73.823276, 42.492285 ], [ -73.820555, 42.491638 ], [ -73.813793, 42.483588 ], [ -73.812779, 42.481107 ], [ -73.801483, 42.482219 ], [ -73.799615, 42.469066 ], [ -73.79956, 42.463138 ], [ -73.796944, 42.464126 ], [ -73.797298, 42.465766 ], [ -73.795322, 42.466044 ], [ -73.792061, 42.465302 ], [ -73.791862, 42.463367 ], [ -73.809251, 42.461519 ], [ -73.813901, 42.448404 ], [ -73.813719, 42.44191 ], [ -73.815897, 42.443013 ], [ -73.816245, 42.444476 ], [ -73.815, 42.446042 ], [ -73.815991, 42.446837 ], [ -73.818111, 42.445812 ], [ -73.820352, 42.447972 ], [ -73.82227, 42.448596 ], [ -73.826299, 42.448505 ], [ -73.827596, 42.4529 ], [ -73.83095, 42.450837 ], [ -73.832091, 42.447774 ], [ -73.837366, 42.446808 ], [ -73.838981, 42.444617 ], [ -73.844438, 42.442876 ], [ -73.84735, 42.445099 ], [ -73.852264, 42.445374 ], [ -73.860089, 42.450306 ], [ -73.86036, 42.449221 ], [ -73.874843, 42.449776 ], [ -73.876035, 42.452881 ], [ -73.886126, 42.451507 ], [ -73.88619, 42.454035 ], [ -73.887424, 42.455736 ], [ -73.883519, 42.461572 ], [ -73.883181, 42.465413 ], [ -73.880396, 42.466474 ], [ -73.878164, 42.468961 ], [ -73.877354, 42.471422 ], [ -73.878872, 42.473232 ], [ -73.882158, 42.47441 ], [ -73.883717, 42.47649 ], [ -73.883824, 42.486014 ], [ -73.885039, 42.487593 ], [ -73.885459, 42.490426 ], [ -73.890983, 42.493046 ], [ -73.892431, 42.501038 ], [ -73.894698, 42.502906 ], [ -73.892962, 42.50379 ] ] ] } },
{ "type": "Feature", "properties": { "zcta": "12153" }, "geometry": { "type": "Polygon", "coordinates": [ [ [ -73.537084, 42.638401 ], [ -73.535938, 42.638565 ], [ -73.536867, 42.642896 ], [ -73.530526, 42.64658 ], [ -73.528672, 42.650398 ], [ -73.527109, 42.651917 ], [ -73.527256, 42.655117 ], [ -73.525363, 42.6556 ], [ -73.525723, 42.656122 ], [ -73.522233, 42.658974 ], [ -73.499607, 42.660547 ], [ -73.450376, 42.666826 ], [ -73.455025, 42.649366 ], [ -73.444473, 42.649852 ], [ -73.443567, 42.653825 ], [ -73.424749, 42.655903 ], [ -73.426008, 42.650335 ], [ -73.42393, 42.650406 ], [ -73.424372, 42.648268 ], [ -73.426832, 42.647982 ], [ -73.427483, 42.645498 ], [ -73.417457, 42.646373 ], [ -73.420548, 42.636099 ], [ -73.417102, 42.635651 ], [ -73.414288, 42.633614 ], [ -73.41147, 42.629427 ], [ -73.410087, 42.625309 ], [ -73.410152, 42.622964 ], [ -73.407759, 42.61835 ], [ -73.406944, 42.613931 ], [ -73.402358, 42.610792 ], [ -73.406007, 42.608764 ], [ -73.406914, 42.610484 ], [ -73.467214, 42.606027 ], [ -73.46396, 42.615924 ], [ -73.465818, 42.615383 ], [ -73.467437, 42.613933 ], [ -73.468479, 42.614108 ], [ -73.472117, 42.612859 ], [ -73.474862, 42.613161 ], [ -73.478267, 42.612027 ], [ -73.477573, 42.613625 ], [ -73.47769, 42.617188 ], [ -73.476148, 42.618795 ], [ -73.471627, 42.620033 ], [ -73.472822, 42.622703 ], [ -73.474064, 42.62269 ], [ -73.475109, 42.627725 ], [ -73.481628, 42.6269 ], [ -73.480593, 42.624501 ], [ -73.480535, 42.620122 ], [ -73.481436, 42.618424 ], [ -73.493432, 42.616657 ], [ -73.493488, 42.617543 ], [ -73.497041, 42.61719 ], [ -73.499518, 42.618077 ], [ -73.500259, 42.620776 ], [ -73.515171, 42.619726 ], [ -73.515862, 42.622654 ], [ -73.512293, 42.624669 ], [ -73.509595, 42.627163 ], [ -73.50774, 42.627009 ], [ -73.509603, 42.629127 ], [ -73.516126, 42.63279 ], [ -73.51808, 42.63507 ], [ -73.523379, 42.637994 ], [ -73.52563, 42.636273 ], [ -73.524955, 42.64241 ], [ -73.522677, 42.643971 ], [ -73.524767, 42.643318 ], [ -73.529201, 42.643702 ], [ -73.534431, 42.637179 ], [ -73.536011, 42.636962 ], [ -73.537084, 42.638401 ] ] ] } },
{ "type": "Feature", "properties": { "zcta": "12168" }, "geometry": { "type": "Polygon", "coordinates": [ [ [ -73.446238, 42.520686 ], [ -73.444767, 42.52186 ], [ -73.432856, 42.527087 ], [ -73.426113, 42.531221 ], [ -73.425419, 42.533865 ], [ -73.426442, 42.540147 ], [ -73.428651, 42.544247 ], [ -73.425942, 42.551699 ], [ -73.42336, 42.549167 ], [ -73.418511, 42.560273 ], [ -73.415352, 42.564147 ], [ -73.412108, 42.562904 ], [ -73.410031, 42.560514 ], [ -73.407291, 42.562079 ], [ -73.404024, 42.557237 ], [ -73.398603, 42.553282 ], [ -73.394754, 42.552434 ], [ -73.390705, 42.552878 ], [ -73.388549, 42.552468 ], [ -73.388369, 42.550221 ], [ -73.38428, 42.551369 ], [ -73.384237, 42.553597 ], [ -73.386954, 42.553388 ], [ -73.388524, 42.559023 ], [ -73.392305, 42.559067 ], [ -73.393462, 42.557555 ], [ -73.394752, 42.559401 ], [ -73.394371, 42.562646 ], [ -73.39163, 42.561267 ], [ -73.395842, 42.565652 ], [ -73.407194, 42.568605 ], [ -73.408627, 42.57109 ], [ -73.407904, 42.571712 ], [ -73.408787, 42.573159 ], [ -73.406882, 42.575278 ], [ -73.405883, 42.580989 ], [ -73.407833, 42.582851 ], [ -73.407257, 42.584495 ], [ -73.405844, 42.585178 ], [ -73.40696, 42.595772 ], [ -73.405829, 42.596704 ], [ -73.406791, 42.600934 ], [ -73.406007, 42.608764 ], [ -73.402844, 42.610098 ], [ -73.402266, 42.61109 ], [ -73.392016, 42.611764 ], [ -73.389617, 42.613615 ], [ -73.387259, 42.614012 ], [ -73.383813, 42.612636 ], [ -73.380149, 42.612446 ], [ -73.312549678309395, 42.6177120528152 ], [ -73.352527, 42.510002 ], [ -73.396456, 42.50577 ], [ -73.395597, 42.507272 ], [ -73.398536, 42.508076 ], [ -73.394577, 42.519245 ], [ -73.396008, 42.519238 ], [ -73.397165, 42.519009 ], [ -73.399822, 42.515212 ], [ -73.401414, 42.513784 ], [ -73.403181, 42.513234 ], [ -73.403558, 42.511511 ], [ -73.407117, 42.508759 ], [ -73.410739, 42.507869 ], [ -73.415141, 42.508654 ], [ -73.418046, 42.508406 ], [ -73.42167, 42.50962 ], [ -73.422841, 42.511039 ], [ -73.425119, 42.511698 ], [ -73.427263, 42.510307 ], [ -73.430925, 42.510139 ], [ -73.433983, 42.506879 ], [ -73.435435, 42.507123 ], [ -73.437017, 42.509814 ], [ -73.435945, 42.510963 ], [ -73.437034, 42.512324 ], [ -73.439459, 42.513336 ], [ -73.44078, 42.51739 ], [ -73.445071, 42.518309 ], [ -73.446238, 42.520686 ] ] ] } },
{ "type": "Feature", "properties": { "zcta": "12156" }, "geometry": { "type": "Polygon", "coordinates": [ [ [ -73.786047, 42.483835 ], [ -73.784594, 42.489947 ], [ -73.77588, 42.505817 ], [ -73.763091, 42.522026 ], [ -73.76113, 42.526322 ], [ -73.758945, 42.526311 ], [ -73.761951, 42.517965 ], [ -73.756064, 42.516225 ], [ -73.753835, 42.517315 ], [ -73.75261, 42.516953 ], [ -73.753428, 42.515832 ], [ -73.751303, 42.515744 ], [ -73.750814, 42.514072 ], [ -73.748502, 42.51527 ], [ -73.74847, 42.514247 ], [ -73.744045, 42.512556 ], [ -73.745393, 42.511268 ], [ -73.743497, 42.509193 ], [ -73.743986, 42.508167 ], [ -73.74212, 42.508147 ], [ -73.742585, 42.507215 ], [ -73.740629, 42.506489 ], [ -73.739515, 42.506825 ], [ -73.737529, 42.505821 ], [ -73.739872, 42.502413 ], [ -73.738957, 42.501637 ], [ -73.739807, 42.500217 ], [ -73.730864, 42.497661 ], [ -73.731052, 42.494526 ], [ -73.698891, 42.483059 ], [ -73.696914, 42.484117 ], [ -73.697407, 42.488199 ], [ -73.695415, 42.486773 ], [ -73.691866, 42.487509 ], [ -73.689204, 42.489629 ], [ -73.68537, 42.489835 ], [ -73.683567, 42.488984 ], [ -73.682164, 42.487044 ], [ -73.679834, 42.486151 ], [ -73.679799, 42.481393 ], [ -73.680294, 42.478904 ], [ -73.682256, 42.476073 ], [ -73.689968, 42.469493 ], [ -73.690952, 42.473531 ], [ -73.71799, 42.470751 ], [ -73.723003, 42.440223 ], [ -73.721052, 42.432914 ], [ -73.722154, 42.432109 ], [ -73.726219, 42.432645 ], [ -73.727568, 42.43171 ], [ -73.731264, 42.431733 ], [ -73.731841, 42.436239 ], [ -73.745387, 42.438129 ], [ -73.749854, 42.436692 ], [ -73.752836, 42.462428 ], [ -73.75444, 42.461605 ], [ -73.767374, 42.460237 ], [ -73.767949, 42.459019 ], [ -73.771244, 42.458213 ], [ -73.770549, 42.45102 ], [ -73.771303, 42.447478 ], [ -73.770745, 42.441435 ], [ -73.771381, 42.431884 ], [ -73.769625, 42.428886 ], [ -73.772142, 42.424541 ], [ -73.772043, 42.465325 ], [ -73.783721, 42.464231 ], [ -73.785709, 42.471632 ], [ -73.786047, 42.483835 ] ] ] } },
{ "type": "Feature", "properties": { "zcta": "12170" }, "geometry": { "type": "Polygon", "coordinates": [ [ [ -73.724583, 43.018755 ], [ -73.722734, 43.019474 ], [ -73.720235, 43.025092 ], [ -73.718296, 43.026083 ], [ -73.714599, 43.031601 ], [ -73.713187, 43.031102 ], [ -73.711743, 43.03337 ], [ -73.712873, 43.033731 ], [ -73.711546, 43.036343 ], [ -73.711205, 43.039445 ], [ -73.703797, 43.039619 ], [ -73.699737, 43.055613 ], [ -73.686097, 43.056945 ], [ -73.684127, 43.060989 ], [ -73.683077, 43.067976 ], [ -73.681785, 43.068638 ], [ -73.672764, 43.0689 ], [ -73.670749, 43.068404 ], [ -73.673122, 43.067495 ], [ -73.675708, 43.062825 ], [ -73.676092, 43.060532 ], [ -73.675121, 43.058069 ], [ -73.660969, 43.059371 ], [ -73.662457, 43.054415 ], [ -73.65976, 43.054686 ], [ -73.658355, 43.051793 ], [ -73.660205, 43.046924 ], [ -73.662043, 43.044302 ], [ -73.660904, 43.04348 ], [ -73.654626, 43.044203 ], [ -73.651608, 43.04789 ], [ -73.640547, 43.045628 ], [ -73.6429, 43.041584 ], [ -73.643127, 43.039653 ], [ -73.648815, 43.039541 ], [ -73.65172, 43.036249 ], [ -73.651554, 43.033367 ], [ -73.653896, 43.033254 ], [ -73.653309, 43.028963 ], [ -73.650809, 43.029032 ], [ -73.652199, 43.02697 ], [ -73.643563, 43.027008 ], [ -73.642484, 43.033938 ], [ -73.626463, 43.034704 ], [ -73.623223, 43.033658 ], [ -73.618407, 43.029194 ], [ -73.617397, 43.026923 ], [ -73.616602, 43.021036 ], [ -73.61863, 43.014449 ], [ -73.593635, 43.01433 ], [ -73.597445, 43.007372 ], [ -73.605124, 43.001378 ], [ -73.606699, 42.999241 ], [ -73.609282, 42.982241 ], [ -73.629425, 42.972147 ], [ -73.631467, 42.969739 ], [ -73.628708, 42.959151 ], [ -73.628879, 42.955457 ], [ -73.629653, 42.950265 ], [ -73.632305, 42.944379 ], [ -73.635463, 42.94129 ], [ -73.639952, 42.939418 ], [ -73.647144, 42.938994 ], [ -73.650897, 42.938138 ], [ -73.659675, 42.933364 ], [ -73.662943, 42.929556 ], [ -73.667822, 42.930404 ], [ -73.667487, 42.930805 ], [ -73.670341, 42.931709 ], [ -73.669703, 42.933192 ], [ -73.67343, 42.93452 ], [ -73.675756, 42.934128 ], [ -73.678155, 42.935407 ], [ -73.679788, 42.934728 ], [ -73.690117, 42.937403 ], [ -73.688949, 42.942479 ], [ -73.69108, 42.943254 ], [ -73.687269, 42.946896 ], [ -73.690666, 42.947674 ], [ -73.688231, 42.950846 ], [ -73.686117, 42.955792 ], [ -73.688837, 42.956508 ], [ -73.689356, 42.955333 ], [ -73.690777, 42.955671 ], [ -73.690422, 42.957845 ], [ -73.689406, 42.958166 ], [ -73.683431, 42.956548 ], [ -73.685277, 42.959084 ], [ -73.683961, 42.959871 ], [ -73.683658, 42.961616 ], [ -73.686576, 42.961752 ], [ -73.685491, 42.963177 ], [ -73.685288, 42.965285 ], [ -73.686205, 42.967166 ], [ -73.690207, 42.96972 ], [ -73.694009, 42.970239 ], [ -73.69329, 42.971863 ], [ -73.69168, 42.971033 ], [ -73.690075, 42.97124 ], [ -73.686578, 42.968907 ], [ -73.685447, 42.969362 ], [ -73.682275, 42.979078 ], [ -73.680086, 42.978562 ], [ -73.678399, 42.982165 ], [ -73.679543, 42.982926 ], [ -73.678691, 42.985171 ], [ -73.682847, 42.985786 ], [ -73.689284, 42.987865 ], [ -73.696758, 42.988035 ], [ -73.703251, 42.991102 ], [ -73.709983, 42.990949 ], [ -73.712138, 42.99148 ], [ -73.71382, 42.992718 ], [ -73.713873, 42.994647 ], [ -73.718154, 42.995256 ], [ -73.716613, 42.995599 ], [ -73.714189, 42.99777 ], [ -73.714466, 42.998667 ], [ -73.712389, 42.999862 ], [ -73.709247, 42.999779 ], [ -73.706629, 43.003422 ], [ -73.706287, 43.005758 ], [ -73.709523, 43.00675 ], [ -73.712503, 43.008545 ], [ -73.721967, 43.011362 ], [ -73.722518, 43.014791 ], [ -73.723805, 43.016713 ], [ -73.722883, 43.016707 ], [ -73.722767, 43.018252 ], [ -73.724583, 43.018755 ] ] ] } },
{ "type": "Feature", "properties": { "zcta": "12054" }, "geometry": { "type": "Polygon", "coordinates": [ [ [ -73.954899, 42.591519 ], [ -73.953564, 42.593988 ], [ -73.951941, 42.594778 ], [ -73.95139, 42.59337 ], [ -73.948089, 42.59082 ], [ -73.947718, 42.587525 ], [ -73.940149, 42.588144 ], [ -73.938423, 42.588753 ], [ -73.939867, 42.593237 ], [ -73.941995, 42.593633 ], [ -73.942468, 42.594708 ], [ -73.944321, 42.595678 ], [ -73.944124, 42.603432 ], [ -73.942779, 42.60781 ], [ -73.940259, 42.611657 ], [ -73.940203, 42.616949 ], [ -73.937531, 42.617227 ], [ -73.934441, 42.615722 ], [ -73.934434, 42.613602 ], [ -73.93116, 42.613115 ], [ -73.928971, 42.607933 ], [ -73.927864, 42.599601 ], [ -73.925942, 42.599672 ], [ -73.919857, 42.601688 ], [ -73.920296, 42.607193 ], [ -73.913494, 42.606755 ], [ -73.90919, 42.608002 ], [ -73.90498, 42.607184 ], [ -73.898549, 42.607619 ], [ -73.904148, 42.615353 ], [ -73.899761, 42.616433 ], [ -73.899952, 42.618741 ], [ -73.89662, 42.619821 ], [ -73.889143, 42.617293 ], [ -73.889077, 42.619564 ], [ -73.892945, 42.621404 ], [ -73.892092, 42.623252 ], [ -73.887472, 42.620152 ], [ -73.879593, 42.616128 ], [ -73.879278, 42.614999 ], [ -73.875994, 42.613414 ], [ -73.871338, 42.616095 ], [ -73.867483, 42.617298 ], [ -73.866018, 42.619073 ], [ -73.867589, 42.620331 ], [ -73.865, 42.623388 ], [ -73.86046, 42.625831 ], [ -73.859212, 42.628171 ], [ -73.86578, 42.629147 ], [ -73.864344, 42.629553 ], [ -73.845944, 42.625466 ], [ -73.847195, 42.628943 ], [ -73.837483, 42.629906 ], [ -73.837178, 42.639516 ], [ -73.832442, 42.638744 ], [ -73.832213, 42.640846 ], [ -73.831253, 42.641305 ], [ -73.827825, 42.640822 ], [ -73.825773, 42.64128 ], [ -73.822394, 42.64029 ], [ -73.821155, 42.640857 ], [ -73.820342, 42.64306 ], [ -73.818766, 42.644404 ], [ -73.816128, 42.644553 ], [ -73.809204, 42.639149 ], [ -73.809973, 42.637284 ], [ -73.809338, 42.632891 ], [ -73.808008, 42.631858 ], [ -73.80298, 42.63436 ], [ -73.79777, 42.633968 ], [ -73.797115, 42.629839 ], [ -73.795266, 42.629611 ], [ -73.795457, 42.626772 ], [ -73.790685, 42.627045 ], [ -73.789075, 42.628045 ], [ -73.783968, 42.626199 ], [ -73.797613, 42.626235 ], [ -73.798861, 42.62415 ], [ -73.803102, 42.621957 ], [ -73.806343, 42.621435 ], [ -73.805793, 42.615966 ], [ -73.81062, 42.613493 ], [ -73.809873, 42.612898 ], [ -73.817252, 42.608758 ], [ -73.813661, 42.604555 ], [ -73.81251, 42.601752 ], [ -73.818158, 42.60127 ], [ -73.816076, 42.594374 ], [ -73.822541, 42.587431 ], [ -73.83169, 42.589249 ], [ -73.831961, 42.591535 ], [ -73.831161, 42.591428 ], [ -73.83046, 42.59352 ], [ -73.834341, 42.594467 ], [ -73.834734, 42.595767 ], [ -73.839969, 42.594353 ], [ -73.844521, 42.590549 ], [ -73.855271, 42.58849 ], [ -73.855462, 42.589657 ], [ -73.857846, 42.591679 ], [ -73.864121, 42.595098 ], [ -73.86515, 42.596683 ], [ -73.867316, 42.596437 ], [ -73.86809, 42.598553 ], [ -73.869825, 42.600042 ], [ -73.871696, 42.599817 ], [ -73.871952, 42.600792 ], [ -73.873897, 42.601413 ], [ -73.874062, 42.600677 ], [ -73.881902, 42.602961 ], [ -73.884111, 42.601687 ], [ -73.886427, 42.601258 ], [ -73.884006, 42.5945 ], [ -73.885323, 42.594643 ], [ -73.890948, 42.600603 ], [ -73.895878, 42.599559 ], [ -73.89564, 42.597725 ], [ -73.894702, 42.59692 ], [ -73.908692, 42.585046 ], [ -73.918616, 42.582193 ], [ -73.919397, 42.586217 ], [ -73.921658, 42.585003 ], [ -73.921376, 42.581624 ], [ -73.922646, 42.579116 ], [ -73.922421, 42.578142 ], [ -73.923905, 42.575185 ], [ -73.925073, 42.574292 ], [ -73.929709, 42.576161 ], [ -73.933981, 42.574337 ], [ -73.939979, 42.572993 ], [ -73.940968, 42.575404 ], [ -73.943449, 42.574544 ], [ -73.94739, 42.575446 ], [ -73.948553, 42.580419 ], [ -73.951172, 42.581379 ], [ -73.948222, 42.583045 ], [ -73.948744, 42.584324 ], [ -73.950922, 42.584234 ], [ -73.952657, 42.585446 ], [ -73.954248, 42.588677 ], [ -73.956897, 42.590832 ], [ -73.954899, 42.591519 ] ] ] } },
{ "type": "Feature", "properties": { "zcta": "12059" }, "geometry": { "type": "Polygon", "coordinates": [ [ [ -74.11516, 42.578811 ], [ -74.110633, 42.580982 ], [ -74.108375, 42.591319 ], [ -74.102617, 42.596339 ], [ -74.100578, 42.599479 ], [ -74.096506, 42.598649 ], [ -74.092597, 42.605363 ], [ -74.092465, 42.609624 ], [ -74.09418, 42.610846 ], [ -74.094072, 42.613494 ], [ -74.093483, 42.614596 ], [ -74.092127, 42.6144 ], [ -74.091887, 42.613407 ], [ -74.089706, 42.613652 ], [ -74.086408, 42.620737 ], [ -74.085899, 42.626016 ], [ -74.086903, 42.630539 ], [ -74.08412, 42.631362 ], [ -74.080451, 42.630759 ], [ -74.082033, 42.633329 ], [ -74.079978, 42.637323 ], [ -74.07973, 42.643896 ], [ -74.07722, 42.644228 ], [ -74.077256, 42.646053 ], [ -74.074663, 42.651489 ], [ -74.076296, 42.659201 ], [ -74.074943, 42.65895 ], [ -74.073309, 42.659933 ], [ -74.072639, 42.657032 ], [ -74.068332, 42.657863 ], [ -74.067102, 42.65921 ], [ -74.066225, 42.662084 ], [ -74.066749, 42.664482 ], [ -74.065844, 42.667024 ], [ -74.07053, 42.667406 ], [ -74.069899, 42.669242 ], [ -74.071945, 42.66912 ], [ -74.069721, 42.67143 ], [ -74.073666, 42.675031 ], [ -74.070679, 42.676869 ], [ -74.0695, 42.68131 ], [ -74.061821, 42.680434 ], [ -74.061711, 42.677913 ], [ -74.054566, 42.678066 ], [ -74.039272, 42.680006 ], [ -74.038644, 42.671262 ], [ -74.041664, 42.670831 ], [ -74.041185, 42.668402 ], [ -74.043995, 42.668065 ], [ -74.043286, 42.664874 ], [ -74.053541, 42.663613 ], [ -74.053285, 42.662515 ], [ -74.055948, 42.662011 ], [ -74.055576, 42.660357 ], [ -74.057527, 42.660069 ], [ -74.057345, 42.659314 ], [ -74.049241, 42.660913 ], [ -74.04128, 42.660078 ], [ -74.041327, 42.658138 ], [ -74.038865, 42.654476 ], [ -74.039231, 42.649646 ], [ -74.028393, 42.651239 ], [ -74.023165, 42.646063 ], [ -74.023423, 42.644726 ], [ -74.027956, 42.638235 ], [ -74.022757, 42.636986 ], [ -74.01925, 42.637346 ], [ -74.01752, 42.638246 ], [ -74.01272, 42.617692 ], [ -74.014323, 42.615497 ], [ -74.014828, 42.606078 ], [ -74.0137, 42.603308 ], [ -74.009295, 42.603964 ], [ -74.007964, 42.596398 ], [ -74.012203, 42.596796 ], [ -74.014529, 42.60223 ], [ -74.016606, 42.599866 ], [ -74.018945, 42.600535 ], [ -74.018026, 42.596431 ], [ -74.020249, 42.595632 ], [ -74.023539, 42.592502 ], [ -74.02592, 42.588419 ], [ -74.026555, 42.591258 ], [ -74.036415, 42.59005 ], [ -74.034064, 42.579836 ], [ -74.027711, 42.57792 ], [ -74.026786, 42.57968 ], [ -74.026713, 42.573609 ], [ -74.025838, 42.570679 ], [ -74.044121, 42.563044 ], [ -74.043338, 42.560402 ], [ -74.050396, 42.559555 ], [ -74.057496, 42.590377 ], [ -74.068029, 42.588799 ], [ -74.069723, 42.586131 ], [ -74.068862, 42.58244 ], [ -74.074047, 42.58188 ], [ -74.073476, 42.579381 ], [ -74.075222, 42.579167 ], [ -74.071905, 42.564045 ], [ -74.072466, 42.560296 ], [ -74.074071, 42.558889 ], [ -74.079096, 42.560378 ], [ -74.081603, 42.560248 ], [ -74.08061, 42.555899 ], [ -74.090009, 42.554698 ], [ -74.08612, 42.558368 ], [ -74.085888, 42.562307 ], [ -74.082638, 42.564703 ], [ -74.087111, 42.583981 ], [ -74.096135, 42.582766 ], [ -74.095314, 42.577657 ], [ -74.096256, 42.574757 ], [ -74.095859, 42.573121 ], [ -74.09734, 42.569365 ], [ -74.098791, 42.560156 ], [ -74.100798, 42.558246 ], [ -74.105859, 42.562276 ], [ -74.106511, 42.563774 ], [ -74.106048, 42.56639 ], [ -74.106907, 42.568258 ], [ -74.108815, 42.568007 ], [ -74.109592, 42.566345 ], [ -74.113504, 42.569093 ], [ -74.113815, 42.576047 ], [ -74.115848, 42.577194 ], [ -74.11516, 42.578811 ] ] ] } },
{ "type": "Feature", "properties": { "zcta": "12065" }, "geometry": { "type": "Polygon", "coordinates": [ [ [ -73.875178, 42.879454 ], [ -73.873341, 42.883313 ], [ -73.864994, 42.883685 ], [ -73.861743, 42.892358 ], [ -73.850053, 42.89347 ], [ -73.847985, 42.897847 ], [ -73.842764, 42.896823 ], [ -73.84278, 42.895433 ], [ -73.837987, 42.894439 ], [ -73.838697, 42.892933 ], [ -73.838132, 42.892202 ], [ -73.831688, 42.891953 ], [ -73.827342, 42.893148 ], [ -73.827163, 42.893659 ], [ -73.822486, 42.893197 ], [ -73.824068, 42.895122 ], [ -73.823041, 42.898204 ], [ -73.824103, 42.900574 ], [ -73.823552, 42.90145 ], [ -73.82512, 42.902095 ], [ -73.826061, 42.904853 ], [ -73.830903, 42.906236 ], [ -73.83777, 42.905512 ], [ -73.829133, 42.908652 ], [ -73.822902, 42.910109 ], [ -73.820307, 42.906878 ], [ -73.816825, 42.905999 ], [ -73.813808, 42.906137 ], [ -73.809728, 42.904775 ], [ -73.804723, 42.901583 ], [ -73.79466, 42.897506 ], [ -73.790793, 42.902321 ], [ -73.788434, 42.902042 ], [ -73.786055, 42.902963 ], [ -73.797542, 42.917297 ], [ -73.801584, 42.924575 ], [ -73.80202, 42.925965 ], [ -73.79651, 42.926746 ], [ -73.799751, 42.924261 ], [ -73.799825, 42.92288 ], [ -73.793688, 42.913204 ], [ -73.790846, 42.911065 ], [ -73.779666, 42.906305 ], [ -73.77655, 42.904238 ], [ -73.773892, 42.90782 ], [ -73.773467, 42.903526 ], [ -73.772281, 42.903083 ], [ -73.77062, 42.904674 ], [ -73.771284, 42.907157 ], [ -73.770082, 42.90829 ], [ -73.761841, 42.90562 ], [ -73.759151, 42.906249 ], [ -73.754819, 42.905724 ], [ -73.750973, 42.903692 ], [ -73.754492, 42.902605 ], [ -73.757254, 42.902517 ], [ -73.759398, 42.900955 ], [ -73.761625, 42.90067 ], [ -73.762193, 42.899682 ], [ -73.76076, 42.898937 ], [ -73.762887, 42.894038 ], [ -73.761978, 42.8887 ], [ -73.76311, 42.885703 ], [ -73.760819, 42.885984 ], [ -73.758897, 42.887237 ], [ -73.75045, 42.883198 ], [ -73.751401, 42.880232 ], [ -73.749763, 42.877928 ], [ -73.741618, 42.877236 ], [ -73.741896, 42.870934 ], [ -73.741059, 42.869488 ], [ -73.739228, 42.869818 ], [ -73.738065, 42.869355 ], [ -73.733033, 42.870463 ], [ -73.731713, 42.871396 ], [ -73.728291, 42.870711 ], [ -73.727629, 42.868349 ], [ -73.726261, 42.868832 ], [ -73.726286, 42.868221 ], [ -73.724824, 42.868305 ], [ -73.724815, 42.867155 ], [ -73.722771, 42.866358 ], [ -73.72463, 42.862157 ], [ -73.726517, 42.862399 ], [ -73.726568, 42.861137 ], [ -73.724078, 42.861373 ], [ -73.720824, 42.867216 ], [ -73.719227, 42.867511 ], [ -73.719227, 42.869063 ], [ -73.716157, 42.870797 ], [ -73.715151, 42.867234 ], [ -73.71336, 42.865409 ], [ -73.711085, 42.864637 ], [ -73.71165, 42.863657 ], [ -73.71009, 42.862403 ], [ -73.709492, 42.860086 ], [ -73.707119, 42.858604 ], [ -73.704446, 42.859351 ], [ -73.704449, 42.857491 ], [ -73.702703, 42.857937 ], [ -73.701974, 42.856181 ], [ -73.698782, 42.854845 ], [ -73.704035, 42.853125 ], [ -73.712725, 42.853117 ], [ -73.717493, 42.852458 ], [ -73.719345, 42.855511 ], [ -73.722427, 42.858454 ], [ -73.726622, 42.859707 ], [ -73.726845, 42.855006 ], [ -73.728428, 42.85132 ], [ -73.729152, 42.846533 ], [ -73.728868, 42.84511 ], [ -73.72442, 42.844397 ], [ -73.723528, 42.843074 ], [ -73.72809, 42.842044 ], [ -73.728467, 42.840217 ], [ -73.731153, 42.839494 ], [ -73.734798, 42.836186 ], [ -73.738454, 42.83748 ], [ -73.738748, 42.835643 ], [ -73.737223, 42.834004 ], [ -73.7358, 42.833948 ], [ -73.735629, 42.832786 ], [ -73.737293, 42.832097 ], [ -73.73384, 42.825753 ], [ -73.729943, 42.826273 ], [ -73.729562, 42.825044 ], [ -73.733124, 42.824349 ], [ -73.731669, 42.821305 ], [ -73.737663, 42.818877 ], [ -73.748365, 42.805276 ], [ -73.750165, 42.801376 ], [ -73.758466, 42.795276 ], [ -73.764865, 42.787277 ], [ -73.766664, 42.786077 ], [ -73.768764, 42.785877 ], [ -73.768872, 42.795643 ], [ -73.770047, 42.792006 ], [ -73.77167, 42.790564 ], [ -73.773031, 42.791956 ], [ -73.776204, 42.793039 ], [ -73.77457, 42.791968 ], [ -73.776502, 42.792614 ], [ -73.778543, 42.795385 ], [ -73.786908, 42.796933 ], [ -73.789489, 42.79645 ], [ -73.795723, 42.793244 ], [ -73.796838, 42.799512 ], [ -73.805548, 42.800106 ], [ -73.807772, 42.805736 ], [ -73.806588, 42.807057 ], [ -73.807121, 42.808506 ], [ -73.814432, 42.809718 ], [ -73.81523, 42.808313 ], [ -73.814547, 42.806349 ], [ -73.815866, 42.805972 ], [ -73.817936, 42.807384 ], [ -73.817618, 42.809505 ], [ -73.822039, 42.81331 ], [ -73.823692, 42.813786 ], [ -73.82153, 42.813599 ], [ -73.821411, 42.816005 ], [ -73.816783, 42.816968 ], [ -73.818711, 42.818029 ], [ -73.8202, 42.820642 ], [ -73.815757, 42.822844 ], [ -73.813908, 42.825726 ], [ -73.814573, 42.826714 ], [ -73.81181, 42.829131 ], [ -73.810361, 42.832313 ], [ -73.823306, 42.832132 ], [ -73.821805, 42.835513 ], [ -73.821451, 42.839286 ], [ -73.826941, 42.840093 ], [ -73.829239, 42.841963 ], [ -73.832234, 42.84309 ], [ -73.832621, 42.846788 ], [ -73.834208, 42.84775 ], [ -73.834612, 42.850078 ], [ -73.833255, 42.851384 ], [ -73.827768, 42.852758 ], [ -73.828137, 42.855224 ], [ -73.829939, 42.857689 ], [ -73.835921, 42.857157 ], [ -73.836389, 42.859587 ], [ -73.840899, 42.859561 ], [ -73.843507, 42.861142 ], [ -73.841879, 42.862445 ], [ -73.842599, 42.869349 ], [ -73.850644, 42.868596 ], [ -73.850724, 42.869416 ], [ -73.859599, 42.871248 ], [ -73.859096, 42.873431 ], [ -73.865818, 42.873099 ], [ -73.866178, 42.877539 ], [ -73.868637, 42.877482 ], [ -73.867314, 42.881193 ], [ -73.869233, 42.881329 ], [ -73.871592, 42.878216 ], [ -73.874061, 42.87852 ], [ -73.875178, 42.879454 ] ] ] } },
{ "type": "Feature", "properties": { "zcta": "12090" }, "geometry": { "type": "Polygon", "coordinates": [ [ [ -73.465709, 42.84687 ], [ -73.457584, 42.850214 ], [ -73.455995, 42.849992 ], [ -73.453138, 42.85886 ], [ -73.451193, 42.860585 ], [ -73.449995, 42.864084 ], [ -73.450797, 42.869675 ], [ -73.446499, 42.876414 ], [ -73.439642, 42.877321 ], [ -73.429233, 42.875272 ], [ -73.427027, 42.875506 ], [ -73.430002, 42.898287 ], [ -73.424468, 42.899393 ], [ -73.424482, 42.903683 ], [ -73.422103, 42.904197 ], [ -73.422674, 42.907528 ], [ -73.418972, 42.908066 ], [ -73.419105, 42.909955 ], [ -73.420033, 42.910931 ], [ -73.422084, 42.911087 ], [ -73.422057, 42.912633 ], [ -73.41924, 42.914814 ], [ -73.419622, 42.917635 ], [ -73.415968, 42.918698 ], [ -73.413864, 42.918196 ], [ -73.407711, 42.918888 ], [ -73.405945, 42.918041 ], [ -73.404309, 42.925582 ], [ -73.398542, 42.930009 ], [ -73.400259, 42.932572 ], [ -73.396674, 42.941188 ], [ -73.38282, 42.936873 ], [ -73.381462, 42.93849 ], [ -73.381289, 42.942348 ], [ -73.379889, 42.94403 ], [ -73.380561, 42.942461 ], [ -73.377424, 42.93832 ], [ -73.37133, 42.939656 ], [ -73.365997, 42.932694 ], [ -73.363298, 42.927842 ], [ -73.358632, 42.928288 ], [ -73.356382, 42.92742 ], [ -73.354191, 42.927374 ], [ -73.354998, 42.930337 ], [ -73.345926, 42.928763 ], [ -73.344028, 42.926232 ], [ -73.342705, 42.928327 ], [ -73.33619, 42.925706 ], [ -73.333901, 42.928991 ], [ -73.326326, 42.932307 ], [ -73.320811, 42.938998 ], [ -73.318825, 42.940013 ], [ -73.314899, 42.940344 ], [ -73.311137, 42.94246 ], [ -73.311208, 42.943806 ], [ -73.274294, 42.943652 ], [ -73.2784875592411, 42.837536299269807 ], [ -73.335697, 42.830624 ], [ -73.332199, 42.832704 ], [ -73.332147, 42.834801 ], [ -73.33018, 42.837533 ], [ -73.328193, 42.838998 ], [ -73.327304, 42.840881 ], [ -73.329724, 42.846946 ], [ -73.329174, 42.849529 ], [ -73.330178, 42.852275 ], [ -73.331923, 42.854609 ], [ -73.334749, 42.85504 ], [ -73.338738, 42.851502 ], [ -73.340101, 42.851218 ], [ -73.343197, 42.852846 ], [ -73.345853, 42.852895 ], [ -73.34704, 42.851774 ], [ -73.344609, 42.850122 ], [ -73.339366, 42.844396 ], [ -73.335526, 42.83689 ], [ -73.336169, 42.830572 ], [ -73.417011, 42.821285 ], [ -73.417831, 42.824017 ], [ -73.424213, 42.823341 ], [ -73.424277, 42.827053 ], [ -73.432161, 42.828232 ], [ -73.433051, 42.830538 ], [ -73.43088, 42.830581 ], [ -73.432387, 42.838 ], [ -73.438897, 42.837437 ], [ -73.439987, 42.842812 ], [ -73.4446, 42.843105 ], [ -73.446622, 42.84128 ], [ -73.450642, 42.845017 ], [ -73.4555, 42.844202 ], [ -73.465536, 42.846341 ], [ -73.465709, 42.84687 ] ] ] } },
{ "type": "Feature", "properties": { "zcta": "12304" }, "geometry": { "type": "Polygon", "coordinates": [ [ [ -73.929365, 42.795798 ], [ -73.931562, 42.797353 ], [ -73.929328, 42.799459 ], [ -73.926568, 42.801437 ], [ -73.925911, 42.800853 ], [ -73.923702, 42.80297 ], [ -73.92338, 42.802519 ], [ -73.91417, 42.807383 ], [ -73.916278, 42.806049 ], [ -73.913651, 42.803896 ], [ -73.916226, 42.802315 ], [ -73.914439, 42.79994 ], [ -73.916733, 42.797497 ], [ -73.913669, 42.796676 ], [ -73.915043, 42.793978 ], [ -73.914419, 42.793377 ], [ -73.911966, 42.794677 ], [ -73.907723, 42.795547 ], [ -73.904413, 42.792522 ], [ -73.901493, 42.794813 ], [ -73.897216, 42.796017 ], [ -73.893214, 42.789617 ], [ -73.893068, 42.78547 ], [ -73.890847, 42.7855 ], [ -73.889746, 42.781135 ], [ -73.887426, 42.77961 ], [ -73.88566, 42.77722 ], [ -73.881381, 42.776398 ], [ -73.880511, 42.775554 ], [ -73.874466, 42.773555 ], [ -73.873619, 42.772766 ], [ -73.874789, 42.771572 ], [ -73.872113, 42.769749 ], [ -73.86736, 42.771644 ], [ -73.867338, 42.770589 ], [ -73.872697, 42.767596 ], [ -73.858162, 42.76921 ], [ -73.858587, 42.765152 ], [ -73.860241, 42.764455 ], [ -73.861895, 42.761967 ], [ -73.86338, 42.757653 ], [ -73.865949, 42.757301 ], [ -73.868015, 42.755852 ], [ -73.870938, 42.750961 ], [ -73.873234, 42.749656 ], [ -73.870768, 42.746372 ], [ -73.873473, 42.748397 ], [ -73.878215, 42.744425 ], [ -73.885485, 42.745509 ], [ -73.924438, 42.778851 ], [ -73.923469, 42.781957 ], [ -73.926935, 42.781836 ], [ -73.93052, 42.784264 ], [ -73.929993, 42.786306 ], [ -73.930689, 42.786236 ], [ -73.931694, 42.789277 ], [ -73.930251, 42.790623 ], [ -73.932668, 42.79235 ], [ -73.929365, 42.795798 ] ] ] } },
{ "type": "Feature", "properties": { "zcta": "12052" }, "geometry": { "type": "Polygon", "coordinates": [ [ [ -73.556721, 42.746833 ], [ -73.55434, 42.747899 ], [ -73.550767, 42.747012 ], [ -73.54767, 42.747555 ], [ -73.545915, 42.748512 ], [ -73.545477, 42.750799 ], [ -73.542955, 42.750881 ], [ -73.543411, 42.754014 ], [ -73.542343, 42.756953 ], [ -73.539218, 42.755692 ], [ -73.536669, 42.758256 ], [ -73.534711, 42.762424 ], [ -73.531395, 42.76555 ], [ -73.529734, 42.769973 ], [ -73.527352, 42.771566 ], [ -73.525489, 42.770918 ], [ -73.523087, 42.772033 ], [ -73.520635, 42.770603 ], [ -73.511994, 42.794379 ], [ -73.509556, 42.793481 ], [ -73.507648, 42.793734 ], [ -73.506169, 42.794691 ], [ -73.505746, 42.788759 ], [ -73.504331, 42.786468 ], [ -73.489895, 42.79218 ], [ -73.480566, 42.7933 ], [ -73.477197, 42.79217 ], [ -73.475216, 42.792227 ], [ -73.475952, 42.798621 ], [ -73.470619, 42.798857 ], [ -73.471126, 42.804174 ], [ -73.476428, 42.803953 ], [ -73.477481, 42.809984 ], [ -73.468242, 42.807332 ], [ -73.468242, 42.808885 ], [ -73.461596, 42.812495 ], [ -73.459692, 42.81101 ], [ -73.45683, 42.811168 ], [ -73.458195, 42.809089 ], [ -73.455309, 42.808732 ], [ -73.451851, 42.806335 ], [ -73.450866, 42.807482 ], [ -73.446129, 42.808811 ], [ -73.444332, 42.804485 ], [ -73.437758, 42.804924 ], [ -73.438976, 42.812009 ], [ -73.43364, 42.812317 ], [ -73.433044, 42.813172 ], [ -73.431269, 42.812881 ], [ -73.430466, 42.809411 ], [ -73.426752, 42.810082 ], [ -73.426243, 42.803191 ], [ -73.423626, 42.800478 ], [ -73.418867, 42.798098 ], [ -73.417725, 42.794339 ], [ -73.421675, 42.789437 ], [ -73.425244, 42.786344 ], [ -73.425353, 42.779966 ], [ -73.423478, 42.779326 ], [ -73.429117, 42.775257 ], [ -73.430697, 42.771407 ], [ -73.42768, 42.77029 ], [ -73.428116, 42.767363 ], [ -73.426306, 42.764847 ], [ -73.428211, 42.760592 ], [ -73.427947, 42.755526 ], [ -73.422748, 42.753822 ], [ -73.42223, 42.748898 ], [ -73.426287, 42.741103 ], [ -73.422544, 42.736312 ], [ -73.423996, 42.731204 ], [ -73.425243, 42.729474 ], [ -73.423941, 42.726746 ], [ -73.424038, 42.725125 ], [ -73.429664, 42.725057 ], [ -73.431151, 42.723249 ], [ -73.542359, 42.711678 ], [ -73.532435, 42.739271 ], [ -73.540978, 42.738709 ], [ -73.558629, 42.740925 ], [ -73.556721, 42.746833 ] ], [ [ -73.451033, 42.769163 ], [ -73.446049, 42.76953 ], [ -73.44211, 42.771251 ], [ -73.45084, 42.769674 ], [ -73.451033, 42.769163 ] ] ] } },
{ "type": "Feature", "properties": { "zcta": "12188" }, "geometry": { "type": "Polygon", "coordinates": [ [ [ -73.738454, 42.83748 ], [ -73.734798, 42.836186 ], [ -73.731153, 42.839494 ], [ -73.728467, 42.840217 ], [ -73.72809, 42.842044 ], [ -73.723528, 42.843074 ], [ -73.72442, 42.844397 ], [ -73.728868, 42.84511 ], [ -73.729152, 42.846533 ], [ -73.728428, 42.85132 ], [ -73.726845, 42.855006 ], [ -73.726622, 42.859707 ], [ -73.722427, 42.858454 ], [ -73.719345, 42.855511 ], [ -73.717493, 42.852458 ], [ -73.712725, 42.853117 ], [ -73.704035, 42.853125 ], [ -73.696301, 42.855289 ], [ -73.694095, 42.853456 ], [ -73.692571, 42.853766 ], [ -73.686428, 42.851141 ], [ -73.682571, 42.851035 ], [ -73.679076, 42.851387 ], [ -73.678643, 42.851915 ], [ -73.675921, 42.841808 ], [ -73.675942, 42.845818 ], [ -73.673669, 42.845879 ], [ -73.672314, 42.839768 ], [ -73.670823, 42.840312 ], [ -73.665759, 42.833373 ], [ -73.663021, 42.82544 ], [ -73.659663, 42.818978 ], [ -73.660162, 42.816777 ], [ -73.658462, 42.809077 ], [ -73.661362, 42.802977 ], [ -73.663562, 42.800877 ], [ -73.667362, 42.800177 ], [ -73.672355, 42.795791 ], [ -73.673463, 42.790276 ], [ -73.676762, 42.783277 ], [ -73.681162, 42.782977 ], [ -73.683457, 42.779112 ], [ -73.687262, 42.777077 ], [ -73.688362, 42.775477 ], [ -73.690262, 42.775477 ], [ -73.697862, 42.778777 ], [ -73.708963, 42.787677 ], [ -73.711363, 42.795177 ], [ -73.719863, 42.801277 ], [ -73.720363, 42.804177 ], [ -73.716663, 42.808177 ], [ -73.721363, 42.813077 ], [ -73.722663, 42.820677 ], [ -73.726663, 42.822577 ], [ -73.731669, 42.821305 ], [ -73.733124, 42.824349 ], [ -73.729562, 42.825044 ], [ -73.729943, 42.826273 ], [ -73.73384, 42.825753 ], [ -73.737293, 42.832097 ], [ -73.735629, 42.832786 ], [ -73.7358, 42.833948 ], [ -73.737223, 42.834004 ], [ -73.738748, 42.835643 ], [ -73.738454, 42.83748 ] ] ] } },
{ "type": "Feature", "properties": { "zcta": "12460" }, "geometry": { "type": "Polygon", "coordinates": [ [ [ -74.198502, 42.415893 ], [ -74.18771, 42.417464 ], [ -74.184674, 42.418411 ], [ -74.189814, 42.418233 ], [ -74.196037, 42.423011 ], [ -74.193567, 42.42333 ], [ -74.19128, 42.425007 ], [ -74.192992, 42.433147 ], [ -74.194259, 42.433014 ], [ -74.194947, 42.435885 ], [ -74.193811, 42.436245 ], [ -74.195247, 42.441964 ], [ -74.19269, 42.442296 ], [ -74.193048, 42.443642 ], [ -74.165268, 42.446965 ], [ -74.162537, 42.446288 ], [ -74.167197, 42.441452 ], [ -74.164553, 42.440977 ], [ -74.164283, 42.439631 ], [ -74.162341, 42.439363 ], [ -74.154557, 42.440506 ], [ -74.153733, 42.437255 ], [ -74.152292, 42.437548 ], [ -74.150742, 42.4327 ], [ -74.151996, 42.429409 ], [ -74.149656, 42.419995 ], [ -74.137404, 42.421581 ], [ -74.139268, 42.420385 ], [ -74.138783, 42.41189 ], [ -74.137196, 42.411112 ], [ -74.134527, 42.411295 ], [ -74.133264, 42.410145 ], [ -74.136117, 42.405494 ], [ -74.135206, 42.403702 ], [ -74.133276, 42.402213 ], [ -74.135607, 42.400946 ], [ -74.148299, 42.398987 ], [ -74.148576, 42.399703 ], [ -74.1494, 42.399599 ], [ -74.149882, 42.402082 ], [ -74.169461, 42.39986 ], [ -74.170812, 42.398664 ], [ -74.172609, 42.399429 ], [ -74.170628, 42.399604 ], [ -74.16164, 42.404181 ], [ -74.154104, 42.406056 ], [ -74.151677, 42.405939 ], [ -74.152671, 42.406804 ], [ -74.153517, 42.410038 ], [ -74.155109, 42.411097 ], [ -74.161271, 42.410115 ], [ -74.163163, 42.409046 ], [ -74.167028, 42.409475 ], [ -74.172448, 42.412623 ], [ -74.176931, 42.411446 ], [ -74.182255, 42.412353 ], [ -74.185128, 42.414377 ], [ -74.187499, 42.414679 ], [ -74.187572, 42.412908 ], [ -74.189347, 42.41355 ], [ -74.190568, 42.415289 ], [ -74.198186, 42.414453 ], [ -74.198502, 42.415893 ] ] ] } },
{ "type": "Feature", "properties": { "zcta": "12305" }, "geometry": { "type": "Polygon", "coordinates": [ [ [ -73.971968, 42.810161 ], [ -73.96706, 42.807704 ], [ -73.963889, 42.807304 ], [ -73.959708, 42.809084 ], [ -73.951982, 42.810497 ], [ -73.952448, 42.812896 ], [ -73.951502, 42.81366 ], [ -73.951068, 42.818374 ], [ -73.940165, 42.823677 ], [ -73.93587, 42.826675 ], [ -73.931369, 42.828575 ], [ -73.930461, 42.829784 ], [ -73.929529, 42.828591 ], [ -73.93177, 42.82341 ], [ -73.934041, 42.821206 ], [ -73.931064, 42.82065 ], [ -73.934555, 42.81547 ], [ -73.93299, 42.815029 ], [ -73.933613, 42.814066 ], [ -73.936672, 42.814001 ], [ -73.938017, 42.812869 ], [ -73.935926, 42.811655 ], [ -73.941991, 42.808627 ], [ -73.941398, 42.807843 ], [ -73.946376, 42.804843 ], [ -73.942837, 42.803192 ], [ -73.943543, 42.802607 ], [ -73.947855, 42.805122 ], [ -73.954155, 42.803182 ], [ -73.95296, 42.805122 ], [ -73.958005, 42.802557 ], [ -73.963951, 42.802001 ], [ -73.97862, 42.802987 ], [ -73.983245, 42.801687 ], [ -73.971968, 42.810161 ] ] ] } },
{ "type": "Feature", "properties": { "zcta": "12158" }, "geometry": { "type": "Polygon", "coordinates": [ [ [ -73.910767, 42.544972 ], [ -73.910066, 42.543428 ], [ -73.90718, 42.543788 ], [ -73.898233, 42.547965 ], [ -73.899719, 42.54928 ], [ -73.892082, 42.550145 ], [ -73.888798, 42.552972 ], [ -73.887904, 42.555754 ], [ -73.884163, 42.555914 ], [ -73.880745, 42.555158 ], [ -73.879422, 42.555888 ], [ -73.8786, 42.563529 ], [ -73.879335, 42.564827 ], [ -73.878119, 42.566972 ], [ -73.876525, 42.568042 ], [ -73.876783, 42.575193 ], [ -73.874992, 42.573354 ], [ -73.875562, 42.564529 ], [ -73.867448, 42.56283 ], [ -73.866069, 42.560202 ], [ -73.860588, 42.560395 ], [ -73.857069, 42.561169 ], [ -73.849916, 42.560461 ], [ -73.846457, 42.558379 ], [ -73.842995, 42.561134 ], [ -73.849468, 42.565017 ], [ -73.863757, 42.575165 ], [ -73.862548, 42.575125 ], [ -73.855625, 42.570555 ], [ -73.852929, 42.572801 ], [ -73.843857, 42.568305 ], [ -73.84165, 42.565623 ], [ -73.829972, 42.565423 ], [ -73.830976, 42.569196 ], [ -73.834149, 42.568095 ], [ -73.836462, 42.568499 ], [ -73.838114, 42.567736 ], [ -73.839857, 42.568147 ], [ -73.839209, 42.570477 ], [ -73.841907, 42.570171 ], [ -73.841332, 42.572503 ], [ -73.842378, 42.573935 ], [ -73.842091, 42.57566 ], [ -73.843049, 42.576911 ], [ -73.845171, 42.577374 ], [ -73.844661, 42.578117 ], [ -73.846933, 42.579299 ], [ -73.848206, 42.580914 ], [ -73.847998, 42.584148 ], [ -73.850202, 42.584763 ], [ -73.849325, 42.585475 ], [ -73.851146, 42.586959 ], [ -73.853622, 42.587211 ], [ -73.85304, 42.589018 ], [ -73.844521, 42.590549 ], [ -73.839969, 42.594353 ], [ -73.834734, 42.595767 ], [ -73.834341, 42.594467 ], [ -73.83046, 42.59352 ], [ -73.831161, 42.591428 ], [ -73.831961, 42.591535 ], [ -73.83169, 42.589249 ], [ -73.822541, 42.587431 ], [ -73.820423, 42.589704 ], [ -73.809957, 42.588221 ], [ -73.809486, 42.582565 ], [ -73.811704, 42.580193 ], [ -73.811345, 42.579148 ], [ -73.813388, 42.577791 ], [ -73.806545, 42.57371 ], [ -73.80365, 42.574693 ], [ -73.804455, 42.569253 ], [ -73.806197, 42.564418 ], [ -73.806376, 42.560561 ], [ -73.803462, 42.562246 ], [ -73.802268, 42.564019 ], [ -73.800744, 42.564364 ], [ -73.800434, 42.568883 ], [ -73.799335, 42.570306 ], [ -73.796666, 42.571802 ], [ -73.79538, 42.574193 ], [ -73.796701, 42.580105 ], [ -73.796069, 42.581188 ], [ -73.791945, 42.580102 ], [ -73.78775, 42.577868 ], [ -73.789554, 42.56839 ], [ -73.786744, 42.558953 ], [ -73.785883, 42.565335 ], [ -73.78863, 42.568046 ], [ -73.78646, 42.570857 ], [ -73.783516, 42.572114 ], [ -73.770449, 42.570249 ], [ -73.77032, 42.565874 ], [ -73.766386, 42.565923 ], [ -73.76589, 42.56301 ], [ -73.76745, 42.558215 ], [ -73.761654, 42.556871 ], [ -73.760979, 42.556076 ], [ -73.757588, 42.556228 ], [ -73.757297, 42.557735 ], [ -73.755897, 42.55828 ], [ -73.754388, 42.564314 ], [ -73.754962, 42.566475 ], [ -73.752168, 42.56672 ], [ -73.756465, 42.54868 ], [ -73.758313, 42.534215 ], [ -73.76113, 42.526322 ], [ -73.763091, 42.522026 ], [ -73.77588, 42.505817 ], [ -73.779397, 42.500081 ], [ -73.785548, 42.487209 ], [ -73.786078, 42.475249 ], [ -73.783721, 42.464231 ], [ -73.787484, 42.463831 ], [ -73.789355, 42.464643 ], [ -73.785481, 42.464214 ], [ -73.785687, 42.468126 ], [ -73.788523, 42.471126 ], [ -73.789768, 42.476018 ], [ -73.792832, 42.475559 ], [ -73.793961, 42.477362 ], [ -73.79306, 42.479047 ], [ -73.793972, 42.481765 ], [ -73.792905, 42.489999 ], [ -73.795378, 42.498159 ], [ -73.7952, 42.50009 ], [ -73.806793, 42.487066 ], [ -73.808267, 42.483581 ], [ -73.808225, 42.481545 ], [ -73.812779, 42.481107 ], [ -73.813793, 42.483588 ], [ -73.820555, 42.491638 ], [ -73.823276, 42.492285 ], [ -73.82524, 42.495824 ], [ -73.830247, 42.499938 ], [ -73.83655, 42.503153 ], [ -73.836473, 42.507309 ], [ -73.838107, 42.513545 ], [ -73.839988, 42.515498 ], [ -73.843792, 42.517756 ], [ -73.847482, 42.518282 ], [ -73.848835, 42.519224 ], [ -73.848558, 42.524161 ], [ -73.846652, 42.527688 ], [ -73.847244, 42.529508 ], [ -73.862448, 42.530998 ], [ -73.863808, 42.532192 ], [ -73.868696, 42.53294 ], [ -73.869186, 42.534842 ], [ -73.877763, 42.533645 ], [ -73.877469, 42.532558 ], [ -73.883467, 42.533125 ], [ -73.884819, 42.532724 ], [ -73.885361, 42.529402 ], [ -73.887398, 42.529044 ], [ -73.888337, 42.524154 ], [ -73.892108, 42.525982 ], [ -73.895864, 42.525158 ], [ -73.900376, 42.525248 ], [ -73.901125, 42.531558 ], [ -73.904394, 42.532045 ], [ -73.904492, 42.533833 ], [ -73.909003, 42.538063 ], [ -73.913187, 42.545153 ], [ -73.910767, 42.544972 ] ], [ [ -73.849745, 42.531798 ], [ -73.841145, 42.532352 ], [ -73.842421, 42.534255 ], [ -73.839778, 42.534446 ], [ -73.840324, 42.535523 ], [ -73.840867, 42.534602 ], [ -73.844927, 42.535516 ], [ -73.847309, 42.5346 ], [ -73.848367, 42.535911 ], [ -73.850781, 42.534772 ], [ -73.849745, 42.531798 ] ] ] } },
{ "type": "Feature", "properties": { "zcta": "12207" }, "geometry": { "type": "Polygon", "coordinates": [ [ [ -73.758982, 42.654273 ], [ -73.756909, 42.653053 ], [ -73.755992, 42.653938 ], [ -73.758125, 42.655141 ], [ -73.756806, 42.656376 ], [ -73.754656, 42.655127 ], [ -73.75541, 42.654322 ], [ -73.753637, 42.652932 ], [ -73.751091, 42.65224 ], [ -73.751621, 42.652998 ], [ -73.750563, 42.65456 ], [ -73.750031, 42.654244 ], [ -73.749825, 42.658166 ], [ -73.752319, 42.660013 ], [ -73.751128, 42.661714 ], [ -73.747405, 42.660192 ], [ -73.74654, 42.66194 ], [ -73.746788, 42.663991 ], [ -73.751862, 42.667545 ], [ -73.748878, 42.669535 ], [ -73.745096, 42.669948 ], [ -73.743362, 42.665549 ], [ -73.744124, 42.663822 ], [ -73.741735, 42.662988 ], [ -73.740165, 42.665586 ], [ -73.741725, 42.666278 ], [ -73.739453, 42.670015 ], [ -73.736552, 42.669298 ], [ -73.733107, 42.667253 ], [ -73.738587, 42.659825 ], [ -73.741044, 42.657767 ], [ -73.739429, 42.656803 ], [ -73.741798, 42.654318 ], [ -73.747644, 42.643233 ], [ -73.756202, 42.64668 ], [ -73.756496, 42.646239 ], [ -73.758043, 42.646851 ], [ -73.763362, 42.650008 ], [ -73.758982, 42.654273 ] ] ] } },
{ "type": "Feature", "properties": { "zcta": "12062" }, "geometry": { "type": "Polygon", "coordinates": [ [ [ -73.582823, 42.546298 ], [ -73.58096, 42.547906 ], [ -73.569694, 42.549031 ], [ -73.570899, 42.552149 ], [ -73.574721, 42.550012 ], [ -73.575086, 42.55502 ], [ -73.571309, 42.555775 ], [ -73.569154, 42.55465 ], [ -73.568506, 42.559693 ], [ -73.566025, 42.559406 ], [ -73.565414, 42.560142 ], [ -73.562666, 42.561007 ], [ -73.558933, 42.560904 ], [ -73.557969, 42.560211 ], [ -73.555506, 42.561167 ], [ -73.561171, 42.567484 ], [ -73.562995, 42.567484 ], [ -73.564554, 42.573129 ], [ -73.567993, 42.57211 ], [ -73.564613, 42.574204 ], [ -73.560286, 42.571591 ], [ -73.555841, 42.572493 ], [ -73.552737, 42.576305 ], [ -73.550361, 42.577764 ], [ -73.549963, 42.579096 ], [ -73.548774, 42.577502 ], [ -73.545636, 42.576914 ], [ -73.544405, 42.575716 ], [ -73.5403, 42.577229 ], [ -73.538929, 42.576573 ], [ -73.53662, 42.57715 ], [ -73.533564, 42.579297 ], [ -73.531995, 42.578375 ], [ -73.530071, 42.579828 ], [ -73.515776, 42.579578 ], [ -73.514791, 42.575664 ], [ -73.512036, 42.574685 ], [ -73.512121, 42.5731 ], [ -73.510694, 42.57186 ], [ -73.507383, 42.565666 ], [ -73.494262, 42.565836 ], [ -73.49406, 42.56497 ], [ -73.495551, 42.563536 ], [ -73.493689, 42.563099 ], [ -73.495834, 42.546515 ], [ -73.490533, 42.54697 ], [ -73.491075, 42.544079 ], [ -73.487547, 42.551571 ], [ -73.486495, 42.549476 ], [ -73.477658, 42.550331 ], [ -73.470695, 42.546958 ], [ -73.469913, 42.545178 ], [ -73.468659, 42.544846 ], [ -73.471935, 42.544078 ], [ -73.474675, 42.541882 ], [ -73.475654, 42.539464 ], [ -73.475047, 42.536514 ], [ -73.477918, 42.536177 ], [ -73.477094, 42.534675 ], [ -73.478639, 42.534738 ], [ -73.477978, 42.532658 ], [ -73.469839, 42.53274 ], [ -73.466367, 42.533538 ], [ -73.466781, 42.539219 ], [ -73.465361, 42.536877 ], [ -73.455135, 42.532775 ], [ -73.45055, 42.53504 ], [ -73.445227, 42.557228 ], [ -73.443626, 42.559364 ], [ -73.433084, 42.559949 ], [ -73.430071, 42.557177 ], [ -73.430242, 42.55481 ], [ -73.427767, 42.553658 ], [ -73.425942, 42.551699 ], [ -73.428651, 42.544247 ], [ -73.426442, 42.540147 ], [ -73.425419, 42.533865 ], [ -73.426113, 42.531221 ], [ -73.432856, 42.527087 ], [ -73.444767, 42.52186 ], [ -73.446238, 42.520686 ], [ -73.445071, 42.518309 ], [ -73.44078, 42.51739 ], [ -73.439459, 42.513336 ], [ -73.437034, 42.512324 ], [ -73.435945, 42.510963 ], [ -73.437017, 42.509814 ], [ -73.435435, 42.507123 ], [ -73.433983, 42.506879 ], [ -73.430925, 42.510139 ], [ -73.427263, 42.510307 ], [ -73.425119, 42.511698 ], [ -73.422841, 42.511039 ], [ -73.42167, 42.50962 ], [ -73.418046, 42.508406 ], [ -73.415141, 42.508654 ], [ -73.410739, 42.507869 ], [ -73.407117, 42.508759 ], [ -73.403558, 42.511511 ], [ -73.403181, 42.513234 ], [ -73.401414, 42.513784 ], [ -73.399822, 42.515212 ], [ -73.397165, 42.519009 ], [ -73.394577, 42.519245 ], [ -73.398536, 42.508076 ], [ -73.395597, 42.507272 ], [ -73.396456, 42.50577 ], [ -73.422227, 42.503032 ], [ -73.41985, 42.487289 ], [ -73.438074, 42.480835 ], [ -73.43892, 42.483601 ], [ -73.441706, 42.487678 ], [ -73.444128, 42.487634 ], [ -73.444393, 42.485489 ], [ -73.450702, 42.488708 ], [ -73.454579, 42.489448 ], [ -73.457946, 42.488497 ], [ -73.462945, 42.490736 ], [ -73.468928, 42.490401 ], [ -73.478263, 42.487745 ], [ -73.477668, 42.488921 ], [ -73.486088, 42.492812 ], [ -73.493261, 42.494423 ], [ -73.491668, 42.495795 ], [ -73.497691, 42.495232 ], [ -73.495088, 42.493717 ], [ -73.495086, 42.490759 ], [ -73.497897, 42.491523 ], [ -73.499033, 42.488566 ], [ -73.50349, 42.485645 ], [ -73.509648, 42.487551 ], [ -73.511692, 42.491784 ], [ -73.511122, 42.493422 ], [ -73.50964, 42.493594 ], [ -73.509839, 42.494906 ], [ -73.510759, 42.494896 ], [ -73.509739, 42.495852 ], [ -73.508587, 42.503951 ], [ -73.507385, 42.506837 ], [ -73.508755, 42.507719 ], [ -73.509469, 42.513805 ], [ -73.510715, 42.514576 ], [ -73.514237, 42.51454 ], [ -73.515504, 42.513535 ], [ -73.515175, 42.499319 ], [ -73.529962, 42.498743 ], [ -73.530049, 42.49738 ], [ -73.532436, 42.497094 ], [ -73.537251, 42.500288 ], [ -73.53406, 42.501419 ], [ -73.530413, 42.507593 ], [ -73.533592, 42.506834 ], [ -73.533225, 42.510229 ], [ -73.534047, 42.511904 ], [ -73.536497, 42.511663 ], [ -73.537754, 42.512438 ], [ -73.541126, 42.510934 ], [ -73.542649, 42.507505 ], [ -73.542027, 42.501302 ], [ -73.550564, 42.50174 ], [ -73.552801, 42.499749 ], [ -73.554472, 42.499371 ], [ -73.556208, 42.501312 ], [ -73.557995, 42.502202 ], [ -73.558937, 42.505897 ], [ -73.558334, 42.507114 ], [ -73.564581, 42.509381 ], [ -73.568952, 42.511857 ], [ -73.571993, 42.516241 ], [ -73.569897, 42.517785 ], [ -73.56906, 42.51995 ], [ -73.574856, 42.522605 ], [ -73.577266, 42.527817 ], [ -73.573122, 42.535135 ], [ -73.575675, 42.536549 ], [ -73.579165, 42.540511 ], [ -73.578479, 42.544202 ], [ -73.5812, 42.54535 ], [ -73.582867, 42.545149 ], [ -73.582823, 42.546298 ] ] ] } },
{ "type": "Feature", "properties": { "zcta": "12211" }, "geometry": { "type": "MultiPolygon", "coordinates": [ [ [ [ -73.793925, 42.710619 ], [ -73.785374, 42.716299 ], [ -73.789308, 42.721329 ], [ -73.793054, 42.7194 ], [ -73.793822, 42.720232 ], [ -73.789985, 42.722199 ], [ -73.791327, 42.723924 ], [ -73.789975, 42.724698 ], [ -73.78759, 42.724284 ], [ -73.783697, 42.72738 ], [ -73.782504, 42.727428 ], [ -73.782623, 42.725721 ], [ -73.780751, 42.726031 ], [ -73.776819, 42.724943 ], [ -73.775137, 42.727329 ], [ -73.772829, 42.727193 ], [ -73.771995, 42.725813 ], [ -73.769185, 42.725434 ], [ -73.769281, 42.722749 ], [ -73.767107, 42.72301 ], [ -73.766757, 42.724825 ], [ -73.764125, 42.724141 ], [ -73.761614, 42.721304 ], [ -73.759974, 42.72137 ], [ -73.760178, 42.722496 ], [ -73.757687, 42.723542 ], [ -73.7556, 42.720346 ], [ -73.755105, 42.720748 ], [ -73.754278, 42.719913 ], [ -73.753005, 42.720493 ], [ -73.753839, 42.721771 ], [ -73.751823, 42.723235 ], [ -73.751774, 42.724318 ], [ -73.74888, 42.724354 ], [ -73.748777, 42.72297 ], [ -73.746121, 42.722605 ], [ -73.746784, 42.718439 ], [ -73.744656, 42.718312 ], [ -73.74429, 42.716837 ], [ -73.741686, 42.724812 ], [ -73.737078, 42.728778 ], [ -73.735125, 42.72834 ], [ -73.734745, 42.725605 ], [ -73.731469, 42.726237 ], [ -73.728331, 42.725285 ], [ -73.725829, 42.72288 ], [ -73.726912, 42.720032 ], [ -73.723721, 42.718975 ], [ -73.724879, 42.714435 ], [ -73.726252, 42.713643 ], [ -73.735526, 42.714623 ], [ -73.74209, 42.714039 ], [ -73.74228, 42.712668 ], [ -73.734812, 42.711066 ], [ -73.72501, 42.707965 ], [ -73.721426, 42.707756 ], [ -73.723205, 42.703846 ], [ -73.724763, 42.705078 ], [ -73.729063, 42.706078 ], [ -73.731164, 42.703178 ], [ -73.734264, 42.703778 ], [ -73.735164, 42.700678 ], [ -73.737624, 42.698066 ], [ -73.738596, 42.698521 ], [ -73.739591, 42.696999 ], [ -73.74028, 42.693631 ], [ -73.742374, 42.694191 ], [ -73.743792, 42.695682 ], [ -73.741485, 42.696889 ], [ -73.747643, 42.69671 ], [ -73.747544, 42.694864 ], [ -73.751544, 42.695197 ], [ -73.749572, 42.690553 ], [ -73.750965, 42.689457 ], [ -73.750424, 42.68742 ], [ -73.748239, 42.686785 ], [ -73.7436, 42.686619 ], [ -73.742782, 42.684888 ], [ -73.743397, 42.682426 ], [ -73.746756, 42.682985 ], [ -73.745741, 42.680977 ], [ -73.743033, 42.679686 ], [ -73.743737, 42.677112 ], [ -73.747533, 42.675862 ], [ -73.750872, 42.681218 ], [ -73.750607, 42.680509 ], [ -73.751987, 42.680391 ], [ -73.751309, 42.676803 ], [ -73.752652, 42.674582 ], [ -73.750436, 42.67351 ], [ -73.753777, 42.670737 ], [ -73.76397, 42.677544 ], [ -73.76961, 42.680156 ], [ -73.768704, 42.681288 ], [ -73.772829, 42.68318 ], [ -73.771626, 42.686123 ], [ -73.772885, 42.68615 ], [ -73.773657, 42.688505 ], [ -73.778157, 42.692254 ], [ -73.777524, 42.694146 ], [ -73.778027, 42.696278 ], [ -73.779059, 42.697213 ], [ -73.776933, 42.696446 ], [ -73.775565, 42.697152 ], [ -73.779205, 42.698511 ], [ -73.78033, 42.701931 ], [ -73.777314, 42.702438 ], [ -73.776055, 42.704756 ], [ -73.776934, 42.706289 ], [ -73.777621, 42.706035 ], [ -73.779211, 42.707769 ], [ -73.780358, 42.708019 ], [ -73.787143, 42.704302 ], [ -73.789417, 42.706456 ], [ -73.792718, 42.705026 ], [ -73.793709, 42.705846 ], [ -73.791131, 42.707237 ], [ -73.790964, 42.707921 ], [ -73.793925, 42.710619 ] ] ], [ [ [ -73.819833, 42.753104 ], [ -73.818695, 42.754126 ], [ -73.818369, 42.752293 ], [ -73.814121, 42.751378 ], [ -73.813642, 42.746108 ], [ -73.809543, 42.744984 ], [ -73.807492, 42.736044 ], [ -73.796191, 42.728414 ], [ -73.805326, 42.724502 ], [ -73.814818, 42.728207 ], [ -73.815266, 42.72911 ], [ -73.813199, 42.734629 ], [ -73.814124, 42.736688 ], [ -73.812707, 42.739162 ], [ -73.81767, 42.738992 ], [ -73.819387, 42.740118 ], [ -73.817691, 42.74478 ], [ -73.81636, 42.745747 ], [ -73.820042, 42.751412 ], [ -73.819833, 42.753104 ] ] ] ] } },
{ "type": "Feature", "properties": { "zcta": "12074" }, "geometry": { "type": "Polygon", "coordinates": [ [ [ -74.115611, 43.112963 ], [ -74.100707, 43.119015 ], [ -74.098412, 43.119108 ], [ -74.099237, 43.123628 ], [ -74.100982, 43.124893 ], [ -74.102387, 43.127773 ], [ -74.10003, 43.128316 ], [ -74.096371, 43.128103 ], [ -74.093773, 43.125118 ], [ -74.089713, 43.122761 ], [ -74.084841, 43.125214 ], [ -74.084001, 43.127169 ], [ -74.078568, 43.131162 ], [ -74.076717, 43.131487 ], [ -74.07623, 43.130497 ], [ -74.070741, 43.132356 ], [ -74.070652, 43.133168 ], [ -74.069069, 43.132748 ], [ -74.068715, 43.131469 ], [ -74.071582, 43.130608 ], [ -74.073177, 43.130826 ], [ -74.072524, 43.127238 ], [ -74.067315, 43.129982 ], [ -74.064701, 43.118971 ], [ -74.073971, 43.11418 ], [ -74.073449, 43.110203 ], [ -74.076781, 43.107879 ], [ -74.072281, 43.10974 ], [ -74.069498, 43.109061 ], [ -74.06508, 43.111636 ], [ -74.064411, 43.105067 ], [ -74.062626, 43.103348 ], [ -74.067259, 43.102819 ], [ -74.068244, 43.103303 ], [ -74.071786, 43.101031 ], [ -74.071239, 43.100175 ], [ -74.069865, 43.100986 ], [ -74.066806, 43.10104 ], [ -74.060653, 43.103635 ], [ -74.057349, 43.097707 ], [ -74.055886, 43.095743 ], [ -74.052927, 43.094081 ], [ -74.051445, 43.090679 ], [ -74.049214, 43.087969 ], [ -74.043984, 43.087144 ], [ -74.036513, 43.089334 ], [ -74.035118, 43.088504 ], [ -74.022996, 43.067002 ], [ -74.022943, 43.065453 ], [ -74.020751, 43.061478 ], [ -74.021219, 43.061062 ], [ -74.009654, 43.064416 ], [ -74.007818, 43.063561 ], [ -74.010023, 43.061605 ], [ -74.010164, 43.06062 ], [ -73.993209, 43.062776 ], [ -73.992401, 43.057746 ], [ -73.988091, 43.058226 ], [ -73.986769, 43.06111 ], [ -73.984985, 43.061315 ], [ -73.987348, 43.05577 ], [ -73.990001, 43.055687 ], [ -73.99028, 43.047631 ], [ -73.987206, 43.03766 ], [ -73.983861, 43.032918 ], [ -73.982322, 43.032727 ], [ -73.98122, 43.027302 ], [ -73.98598, 43.028138 ], [ -73.986757, 43.027448 ], [ -73.989414, 43.027305 ], [ -73.987277, 43.011023 ], [ -74.009182, 43.009342 ], [ -74.007096, 42.998893 ], [ -74.001624, 42.999109 ], [ -74.000845, 42.993471 ], [ -73.999745, 42.992596 ], [ -73.990583, 42.992778 ], [ -73.988534, 42.994069 ], [ -73.984327, 42.994759 ], [ -73.983758, 42.991378 ], [ -73.979078, 42.988335 ], [ -73.978595, 42.98739 ], [ -73.976461, 42.974027 ], [ -73.9883, 42.97477 ], [ -73.992685, 42.975615 ], [ -74.009455, 42.97437 ], [ -74.018563, 42.974407 ], [ -74.029679, 42.973093 ], [ -74.031023, 42.980719 ], [ -74.030894, 42.982896 ], [ -74.028631, 42.987108 ], [ -74.028849, 42.988627 ], [ -74.030617, 42.989065 ], [ -74.031697, 42.99022 ], [ -74.031913, 42.99329 ], [ -74.03345, 42.995393 ], [ -74.030873, 42.998226 ], [ -74.029865, 42.998835 ], [ -74.028459, 42.998755 ], [ -74.029529, 43.005072 ], [ -74.038111, 43.005743 ], [ -74.045972, 43.005365 ], [ -74.052561, 43.007276 ], [ -74.049313, 43.0077 ], [ -74.04539, 43.010378 ], [ -74.043564, 43.013379 ], [ -74.043169, 43.017648 ], [ -74.053796, 43.017206 ], [ -74.054493, 43.022358 ], [ -74.062459, 43.021235 ], [ -74.064415, 43.021808 ], [ -74.065514, 43.021501 ], [ -74.065189, 43.022608 ], [ -74.066953, 43.024728 ], [ -74.065772, 43.027591 ], [ -74.068131, 43.030298 ], [ -74.065661, 43.031472 ], [ -74.064465, 43.033509 ], [ -74.067942, 43.032898 ], [ -74.067445, 43.035164 ], [ -74.07185, 43.036335 ], [ -74.071582, 43.038053 ], [ -74.07337, 43.038142 ], [ -74.077833, 43.040925 ], [ -74.077114, 43.041801 ], [ -74.077645, 43.044917 ], [ -74.075344, 43.047028 ], [ -74.076704, 43.048645 ], [ -74.081706, 43.049352 ], [ -74.086682, 43.048904 ], [ -74.085946, 43.054144 ], [ -74.089473, 43.054707 ], [ -74.09239, 43.053874 ], [ -74.093085, 43.052033 ], [ -74.095925, 43.053173 ], [ -74.096643, 43.05505 ], [ -74.100243, 43.055577 ], [ -74.102412, 43.060941 ], [ -74.105705, 43.061082 ], [ -74.099101, 43.064475 ], [ -74.10072, 43.067641 ], [ -74.11062, 43.066753 ], [ -74.115498, 43.097606 ], [ -74.115211, 43.099464 ], [ -74.111608, 43.101592 ], [ -74.111797, 43.1025 ], [ -74.114342, 43.104432 ], [ -74.115606, 43.108226 ], [ -74.114989, 43.111038 ], [ -74.115611, 43.112963 ] ] ] } },
{ "type": "Feature", "properties": { "zcta": "12196" }, "geometry": { "type": "Polygon", "coordinates": [ [ [ -73.659117, 42.640149 ], [ -73.636841, 42.636888 ], [ -73.632937, 42.637741 ], [ -73.632188, 42.639455 ], [ -73.630825, 42.640118 ], [ -73.627858, 42.637894 ], [ -73.62079, 42.659867 ], [ -73.615509, 42.659483 ], [ -73.613064, 42.656801 ], [ -73.611251, 42.658866 ], [ -73.614866, 42.659461 ], [ -73.615575, 42.662385 ], [ -73.600775, 42.666197 ], [ -73.595908, 42.660436 ], [ -73.596084, 42.658997 ], [ -73.598138, 42.657002 ], [ -73.58557, 42.655468 ], [ -73.589702, 42.651254 ], [ -73.593731, 42.650415 ], [ -73.59215, 42.648718 ], [ -73.592111, 42.646526 ], [ -73.589324, 42.644524 ], [ -73.589719, 42.643502 ], [ -73.586843, 42.644243 ], [ -73.585252, 42.643031 ], [ -73.585282, 42.641246 ], [ -73.583373, 42.639562 ], [ -73.579877, 42.638521 ], [ -73.578845, 42.637388 ], [ -73.580721, 42.63683 ], [ -73.581489, 42.633303 ], [ -73.586427, 42.632546 ], [ -73.587929, 42.631209 ], [ -73.590816, 42.632256 ], [ -73.596402, 42.631659 ], [ -73.599106, 42.632912 ], [ -73.59958, 42.631638 ], [ -73.600303, 42.631984 ], [ -73.600378, 42.63126 ], [ -73.594647, 42.628025 ], [ -73.59768, 42.627401 ], [ -73.599391, 42.621226 ], [ -73.597248, 42.614622 ], [ -73.601632, 42.613268 ], [ -73.599863, 42.610826 ], [ -73.600557, 42.608545 ], [ -73.605356, 42.608419 ], [ -73.606235, 42.604946 ], [ -73.607815, 42.60577 ], [ -73.608325, 42.603562 ], [ -73.613404, 42.605071 ], [ -73.613753, 42.602007 ], [ -73.622738, 42.600606 ], [ -73.622749, 42.600128 ], [ -73.63012, 42.601838 ], [ -73.633708, 42.604345 ], [ -73.637615, 42.605658 ], [ -73.64098, 42.607759 ], [ -73.641356, 42.61136 ], [ -73.639421, 42.612752 ], [ -73.637702, 42.616182 ], [ -73.638086, 42.617977 ], [ -73.640214, 42.620508 ], [ -73.643935, 42.619645 ], [ -73.645172, 42.620887 ], [ -73.646727, 42.620237 ], [ -73.64678, 42.61851 ], [ -73.649084, 42.618836 ], [ -73.649418, 42.620267 ], [ -73.652016, 42.620909 ], [ -73.652968, 42.623113 ], [ -73.652983, 42.626869 ], [ -73.652151, 42.629675 ], [ -73.651008, 42.630758 ], [ -73.654808, 42.634585 ], [ -73.65732, 42.63548 ], [ -73.659248, 42.634786 ], [ -73.659117, 42.640149 ] ] ] } },
{ "type": "Feature", "properties": { "zcta": "12206" }, "geometry": { "type": "MultiPolygon", "coordinates": [ [ [ [ -73.800006, 42.680543 ], [ -73.800402, 42.680768 ], [ -73.798809, 42.682308 ], [ -73.794357, 42.679764 ], [ -73.791654, 42.681494 ], [ -73.798086, 42.687121 ], [ -73.792612, 42.686214 ], [ -73.784923, 42.682394 ], [ -73.78028, 42.681758 ], [ -73.77113, 42.677139 ], [ -73.765761, 42.673472 ], [ -73.767746, 42.672168 ], [ -73.77202, 42.673064 ], [ -73.772353, 42.672263 ], [ -73.769081, 42.670958 ], [ -73.765391, 42.671837 ], [ -73.762259, 42.671554 ], [ -73.762396, 42.669736 ], [ -73.759948, 42.669681 ], [ -73.760076, 42.671271 ], [ -73.757528, 42.671134 ], [ -73.757072, 42.66966 ], [ -73.758246, 42.668564 ], [ -73.756117, 42.666067 ], [ -73.757012, 42.665246 ], [ -73.757573, 42.66558 ], [ -73.759425, 42.662979 ], [ -73.761081, 42.662775 ], [ -73.760179, 42.662273 ], [ -73.765392, 42.657951 ], [ -73.767863, 42.658877 ], [ -73.769701, 42.660476 ], [ -73.801709, 42.678954 ], [ -73.800006, 42.680543 ] ] ], [ [ [ -73.830332, 42.693992 ], [ -73.812322, 42.688059 ], [ -73.803512, 42.686604 ], [ -73.801905, 42.683332 ], [ -73.802083, 42.679172 ], [ -73.820366, 42.689707 ], [ -73.826398, 42.692277 ], [ -73.830644, 42.693262 ], [ -73.830332, 42.693992 ] ] ] ] } },
{ "type": "Feature", "properties": { "zcta": "12086" }, "geometry": { "type": "MultiPolygon", "coordinates": [ [ [ [ -74.11485, 42.997462 ], [ -74.111835, 42.998035 ], [ -74.113437, 42.998793 ], [ -74.111846, 42.998752 ], [ -74.109893, 42.999761 ], [ -74.104082, 43.000277 ], [ -74.10425, 43.001371 ], [ -74.100775, 43.003854 ], [ -74.10203, 43.011771 ], [ -74.099354, 43.016076 ], [ -74.096321, 43.019316 ], [ -74.096023, 43.017089 ], [ -74.081669, 43.018016 ], [ -74.080022, 43.020224 ], [ -74.080136, 43.021823 ], [ -74.077986, 43.025329 ], [ -74.074537, 43.025176 ], [ -74.072703, 43.024349 ], [ -74.074402, 43.022014 ], [ -74.072783, 43.019908 ], [ -74.071157, 43.020115 ], [ -74.06742, 43.021937 ], [ -74.062459, 43.021235 ], [ -74.054493, 43.022358 ], [ -74.053796, 43.017206 ], [ -74.043169, 43.017648 ], [ -74.043564, 43.013379 ], [ -74.04539, 43.010378 ], [ -74.049313, 43.0077 ], [ -74.058348, 43.006957 ], [ -74.066673, 43.007062 ], [ -74.072224, 43.006223 ], [ -74.070942, 42.998328 ], [ -74.072473, 42.998734 ], [ -74.076805, 42.997997 ], [ -74.07809, 42.996783 ], [ -74.081506, 42.996246 ], [ -74.084404, 42.996918 ], [ -74.086454, 42.994715 ], [ -74.088148, 42.994852 ], [ -74.089057, 42.996059 ], [ -74.099451, 42.99552 ], [ -74.099744, 42.994774 ], [ -74.110915, 42.995047 ], [ -74.113748, 42.994049 ], [ -74.114333, 42.994148 ], [ -74.11485, 42.997462 ] ] ], [ [ [ -74.167147, 42.963973 ], [ -74.166288, 42.964999 ], [ -74.165927, 42.964064 ], [ -74.161415, 42.965984 ], [ -74.160012, 42.968036 ], [ -74.154841, 42.970574 ], [ -74.153676, 42.975773 ], [ -74.151399, 42.975815 ], [ -74.15457, 42.97639 ], [ -74.157009, 42.974026 ], [ -74.158541, 42.974927 ], [ -74.16028, 42.973998 ], [ -74.164249, 42.973895 ], [ -74.164751, 42.976615 ], [ -74.158349, 42.98155 ], [ -74.150475, 42.983115 ], [ -74.145342, 42.983054 ], [ -74.147282, 42.983809 ], [ -74.148323, 42.989752 ], [ -74.142465, 42.990711 ], [ -74.14281, 42.994054 ], [ -74.136341, 42.994963 ], [ -74.136746, 42.996756 ], [ -74.132964, 42.997146 ], [ -74.130942, 42.998141 ], [ -74.128841, 42.997294 ], [ -74.128259, 42.994998 ], [ -74.122573, 42.996037 ], [ -74.122969, 42.999019 ], [ -74.115247, 42.999838 ], [ -74.114886, 42.997665 ], [ -74.11865, 42.994576 ], [ -74.121298, 42.993942 ], [ -74.122645, 42.9915 ], [ -74.125713, 42.99259 ], [ -74.128354, 42.991749 ], [ -74.129508, 42.989805 ], [ -74.133747, 42.989343 ], [ -74.138962, 42.983498 ], [ -74.1438, 42.983029 ], [ -74.143777, 42.980735 ], [ -74.141179, 42.980787 ], [ -74.141123, 42.973403 ], [ -74.14478, 42.97009 ], [ -74.143484, 42.96504 ], [ -74.15682, 42.963386 ], [ -74.154975, 42.953123 ], [ -74.16731, 42.954065 ], [ -74.171286, 42.962088 ], [ -74.167147, 42.963973 ] ] ] ] } },
{ "type": "Feature", "properties": { "zcta": "12118" }, "geometry": { "type": "Polygon", "coordinates": [ [ [ -73.803189, 42.952982 ], [ -73.800747, 42.952023 ], [ -73.792563, 42.952548 ], [ -73.792581, 42.955467 ], [ -73.78989, 42.955716 ], [ -73.790346, 42.957906 ], [ -73.795273, 42.957839 ], [ -73.795069, 42.956028 ], [ -73.799679, 42.955782 ], [ -73.800542, 42.956672 ], [ -73.79967, 42.96121 ], [ -73.79532, 42.962567 ], [ -73.796875, 42.961366 ], [ -73.796873, 42.95985 ], [ -73.790917, 42.960506 ], [ -73.791439, 42.9632 ], [ -73.788726, 42.963324 ], [ -73.779914, 42.960837 ], [ -73.776172, 42.958825 ], [ -73.776853, 42.957111 ], [ -73.776121, 42.954554 ], [ -73.770351, 42.954601 ], [ -73.764289, 42.956383 ], [ -73.758818, 42.955552 ], [ -73.75437, 42.956165 ], [ -73.752527, 42.957568 ], [ -73.743641, 42.955158 ], [ -73.742166, 42.957998 ], [ -73.74452, 42.963034 ], [ -73.736453, 42.963758 ], [ -73.731788, 42.966048 ], [ -73.730476, 42.976054 ], [ -73.728798, 42.978999 ], [ -73.725258, 42.978321 ], [ -73.724478, 42.983835 ], [ -73.715443, 42.98223 ], [ -73.714442, 42.98544 ], [ -73.71382, 42.992718 ], [ -73.712138, 42.99148 ], [ -73.709983, 42.990949 ], [ -73.703251, 42.991102 ], [ -73.696758, 42.988035 ], [ -73.689284, 42.987865 ], [ -73.682847, 42.985786 ], [ -73.678691, 42.985171 ], [ -73.679543, 42.982926 ], [ -73.678399, 42.982165 ], [ -73.680086, 42.978562 ], [ -73.682275, 42.979078 ], [ -73.685447, 42.969362 ], [ -73.686578, 42.968907 ], [ -73.690075, 42.97124 ], [ -73.69168, 42.971033 ], [ -73.69329, 42.971863 ], [ -73.694009, 42.970239 ], [ -73.690207, 42.96972 ], [ -73.686205, 42.967166 ], [ -73.685288, 42.965285 ], [ -73.685491, 42.963177 ], [ -73.686576, 42.961752 ], [ -73.683658, 42.961616 ], [ -73.683961, 42.959871 ], [ -73.685277, 42.959084 ], [ -73.683431, 42.956548 ], [ -73.689406, 42.958166 ], [ -73.690422, 42.957845 ], [ -73.690777, 42.955671 ], [ -73.689356, 42.955333 ], [ -73.688837, 42.956508 ], [ -73.686117, 42.955792 ], [ -73.688231, 42.950846 ], [ -73.690666, 42.947674 ], [ -73.687269, 42.946896 ], [ -73.69108, 42.943254 ], [ -73.688949, 42.942479 ], [ -73.690117, 42.937403 ], [ -73.679788, 42.934728 ], [ -73.678155, 42.935407 ], [ -73.675756, 42.934128 ], [ -73.67343, 42.93452 ], [ -73.669703, 42.933192 ], [ -73.670341, 42.931709 ], [ -73.667487, 42.930805 ], [ -73.667822, 42.930404 ], [ -73.662943, 42.929556 ], [ -73.663677, 42.926445 ], [ -73.671695, 42.919262 ], [ -73.670196, 42.918201 ], [ -73.673387, 42.914211 ], [ -73.678714, 42.909357 ], [ -73.678775, 42.908354 ], [ -73.675175, 42.907371 ], [ -73.676774, 42.903567 ], [ -73.672563, 42.901891 ], [ -73.674233, 42.89777 ], [ -73.673658, 42.895105 ], [ -73.668557, 42.891701 ], [ -73.663187, 42.889358 ], [ -73.662553, 42.887596 ], [ -73.665358, 42.88619 ], [ -73.671264, 42.877769 ], [ -73.675258, 42.885139 ], [ -73.674967, 42.883956 ], [ -73.675897, 42.882079 ], [ -73.672952, 42.878855 ], [ -73.671873, 42.875661 ], [ -73.673238, 42.875344 ], [ -73.673814, 42.866762 ], [ -73.675904, 42.858575 ], [ -73.673757, 42.855465 ], [ -73.670823, 42.840312 ], [ -73.672314, 42.839768 ], [ -73.673669, 42.845879 ], [ -73.675942, 42.845818 ], [ -73.675921, 42.841808 ], [ -73.678643, 42.851915 ], [ -73.679076, 42.851387 ], [ -73.682571, 42.851035 ], [ -73.686428, 42.851141 ], [ -73.692571, 42.853766 ], [ -73.694095, 42.853456 ], [ -73.696301, 42.855289 ], [ -73.698782, 42.854845 ], [ -73.701974, 42.856181 ], [ -73.702703, 42.857937 ], [ -73.704449, 42.857491 ], [ -73.704446, 42.859351 ], [ -73.707119, 42.858604 ], [ -73.708293, 42.859121 ], [ -73.709492, 42.860086 ], [ -73.71009, 42.862403 ], [ -73.71165, 42.863657 ], [ -73.711085, 42.864637 ], [ -73.71336, 42.865409 ], [ -73.715151, 42.867234 ], [ -73.716157, 42.870797 ], [ -73.719227, 42.869063 ], [ -73.719227, 42.867511 ], [ -73.720824, 42.867216 ], [ -73.724078, 42.861373 ], [ -73.726568, 42.861137 ], [ -73.726517, 42.862399 ], [ -73.72463, 42.862157 ], [ -73.722771, 42.866358 ], [ -73.724815, 42.867155 ], [ -73.724824, 42.868305 ], [ -73.726286, 42.868221 ], [ -73.726261, 42.868832 ], [ -73.727629, 42.868349 ], [ -73.728291, 42.870711 ], [ -73.731713, 42.871396 ], [ -73.733033, 42.870463 ], [ -73.738065, 42.869355 ], [ -73.739228, 42.869818 ], [ -73.741059, 42.869488 ], [ -73.741896, 42.870934 ], [ -73.741618, 42.877236 ], [ -73.749763, 42.877928 ], [ -73.751401, 42.880232 ], [ -73.75045, 42.883198 ], [ -73.758897, 42.887237 ], [ -73.760819, 42.885984 ], [ -73.76311, 42.885703 ], [ -73.761978, 42.8887 ], [ -73.762887, 42.894038 ], [ -73.76076, 42.898937 ], [ -73.762193, 42.899682 ], [ -73.761625, 42.90067 ], [ -73.759398, 42.900955 ], [ -73.757254, 42.902517 ], [ -73.754492, 42.902605 ], [ -73.750973, 42.903692 ], [ -73.754819, 42.905724 ], [ -73.759151, 42.906249 ], [ -73.761841, 42.90562 ], [ -73.770082, 42.90829 ], [ -73.769321, 42.909426 ], [ -73.771778, 42.910589 ], [ -73.76779, 42.915309 ], [ -73.769665, 42.915092 ], [ -73.769652, 42.916568 ], [ -73.771922, 42.915707 ], [ -73.774536, 42.915874 ], [ -73.77577, 42.929547 ], [ -73.783164, 42.928976 ], [ -73.787565, 42.933876 ], [ -73.788165, 42.937276 ], [ -73.786264, 42.938876 ], [ -73.787818, 42.940338 ], [ -73.788921, 42.939674 ], [ -73.789301, 42.941354 ], [ -73.790995, 42.941433 ], [ -73.792101, 42.944181 ], [ -73.794489, 42.945415 ], [ -73.797873, 42.948937 ], [ -73.801066, 42.949199 ], [ -73.803929, 42.95088 ], [ -73.803189, 42.952982 ] ] ] } },
{ "type": "Feature", "properties": { "zcta": "12203" }, "geometry": { "type": "Polygon", "coordinates": [ [ [ -73.89421, 42.709772 ], [ -73.896805, 42.710583 ], [ -73.89649, 42.711998 ], [ -73.893715, 42.712416 ], [ -73.893892, 42.713294 ], [ -73.877814, 42.719396 ], [ -73.869062, 42.714514 ], [ -73.871255, 42.712457 ], [ -73.851597, 42.700552 ], [ -73.848521, 42.69241 ], [ -73.84748, 42.69148 ], [ -73.84195, 42.689739 ], [ -73.839071, 42.691425 ], [ -73.835073, 42.688398 ], [ -73.833872, 42.689734 ], [ -73.831718, 42.688561 ], [ -73.834799, 42.685808 ], [ -73.832697, 42.685239 ], [ -73.829338, 42.682551 ], [ -73.829957, 42.680138 ], [ -73.825931, 42.67806 ], [ -73.821699, 42.678242 ], [ -73.8193, 42.680313 ], [ -73.820581, 42.683871 ], [ -73.81712, 42.684919 ], [ -73.815216, 42.68677 ], [ -73.812329, 42.685109 ], [ -73.814545, 42.684298 ], [ -73.817575, 42.681262 ], [ -73.817624, 42.67992 ], [ -73.816736, 42.678858 ], [ -73.808355, 42.674088 ], [ -73.805707, 42.673771 ], [ -73.80269, 42.676572 ], [ -73.802083, 42.679172 ], [ -73.769701, 42.660476 ], [ -73.767863, 42.658877 ], [ -73.765392, 42.657951 ], [ -73.766351, 42.657091 ], [ -73.765377, 42.656507 ], [ -73.76743, 42.654487 ], [ -73.770367, 42.65599 ], [ -73.772078, 42.654939 ], [ -73.777587, 42.65809 ], [ -73.777641, 42.659344 ], [ -73.779032, 42.660167 ], [ -73.781342, 42.660259 ], [ -73.783696, 42.662302 ], [ -73.784157, 42.661867 ], [ -73.789248, 42.664777 ], [ -73.789413, 42.665727 ], [ -73.794357, 42.667304 ], [ -73.797956, 42.663975 ], [ -73.798743, 42.664419 ], [ -73.800105, 42.663138 ], [ -73.801461, 42.663916 ], [ -73.80227, 42.663115 ], [ -73.803883, 42.663242 ], [ -73.803617, 42.663699 ], [ -73.804717, 42.663217 ], [ -73.808549, 42.664499 ], [ -73.812952, 42.667641 ], [ -73.816009, 42.665701 ], [ -73.818555, 42.667361 ], [ -73.824502, 42.66277 ], [ -73.826745, 42.662491 ], [ -73.82829, 42.66162 ], [ -73.832828, 42.665488 ], [ -73.834564, 42.665088 ], [ -73.836452, 42.66332 ], [ -73.840247, 42.663911 ], [ -73.841467, 42.662922 ], [ -73.847949, 42.6645 ], [ -73.850097, 42.664429 ], [ -73.85403, 42.665811 ], [ -73.865866, 42.65507 ], [ -73.869505, 42.649046 ], [ -73.872335, 42.652259 ], [ -73.872963, 42.649167 ], [ -73.87524, 42.648547 ], [ -73.877617, 42.650761 ], [ -73.879064, 42.654113 ], [ -73.876894, 42.656234 ], [ -73.880085, 42.658154 ], [ -73.880961, 42.657881 ], [ -73.881136, 42.65528 ], [ -73.882652, 42.654551 ], [ -73.892857, 42.657258 ], [ -73.887691, 42.658778 ], [ -73.886141, 42.66006 ], [ -73.885049, 42.659897 ], [ -73.881318, 42.664504 ], [ -73.878268, 42.663235 ], [ -73.876742, 42.663516 ], [ -73.874598, 42.668278 ], [ -73.868212, 42.668611 ], [ -73.866779, 42.674999 ], [ -73.865208, 42.676716 ], [ -73.867973, 42.68113 ], [ -73.87229, 42.680677 ], [ -73.872509, 42.681802 ], [ -73.875288, 42.682338 ], [ -73.877118, 42.680489 ], [ -73.882268, 42.681788 ], [ -73.883937, 42.680014 ], [ -73.897925, 42.685531 ], [ -73.892972, 42.686872 ], [ -73.889364, 42.686474 ], [ -73.886795, 42.687595 ], [ -73.886273, 42.688743 ], [ -73.887159, 42.689481 ], [ -73.884801, 42.691822 ], [ -73.885657, 42.693195 ], [ -73.889859, 42.693375 ], [ -73.889719, 42.695646 ], [ -73.8834, 42.702759 ], [ -73.898099, 42.707427 ], [ -73.89421, 42.709772 ] ] ] } },
{ "type": "Feature", "properties": { "zcta": "12169" }, "geometry": { "type": "Polygon", "coordinates": [ [ [ -73.477996, 42.583347 ], [ -73.47721, 42.585778 ], [ -73.47439, 42.587037 ], [ -73.475492, 42.589473 ], [ -73.472278, 42.59176 ], [ -73.467214, 42.606027 ], [ -73.406914, 42.610484 ], [ -73.405681, 42.608048 ], [ -73.406791, 42.600934 ], [ -73.405829, 42.596704 ], [ -73.40696, 42.595772 ], [ -73.405844, 42.585178 ], [ -73.407257, 42.584495 ], [ -73.407833, 42.582851 ], [ -73.405883, 42.580989 ], [ -73.406882, 42.575278 ], [ -73.408787, 42.573159 ], [ -73.407904, 42.571712 ], [ -73.408627, 42.57109 ], [ -73.407194, 42.568605 ], [ -73.395842, 42.565652 ], [ -73.39163, 42.561267 ], [ -73.394371, 42.562646 ], [ -73.394752, 42.559401 ], [ -73.393462, 42.557555 ], [ -73.392305, 42.559067 ], [ -73.388524, 42.559023 ], [ -73.386954, 42.553388 ], [ -73.384237, 42.553597 ], [ -73.38428, 42.551369 ], [ -73.388369, 42.550221 ], [ -73.388549, 42.552468 ], [ -73.390705, 42.552878 ], [ -73.394754, 42.552434 ], [ -73.398603, 42.553282 ], [ -73.404024, 42.557237 ], [ -73.407291, 42.562079 ], [ -73.410031, 42.560514 ], [ -73.412108, 42.562904 ], [ -73.415352, 42.564147 ], [ -73.418511, 42.560273 ], [ -73.42336, 42.549167 ], [ -73.427767, 42.553658 ], [ -73.430242, 42.55481 ], [ -73.430071, 42.557177 ], [ -73.433084, 42.559949 ], [ -73.443626, 42.559364 ], [ -73.445227, 42.557228 ], [ -73.448086, 42.562314 ], [ -73.44985, 42.564116 ], [ -73.450841, 42.557292 ], [ -73.460124, 42.561043 ], [ -73.470264, 42.573133 ], [ -73.471045, 42.578849 ], [ -73.479569, 42.582326 ], [ -73.477996, 42.583347 ] ] ] } },
{ "type": "Feature", "properties": { "zcta": "12033" }, "geometry": { "type": "Polygon", "coordinates": [ [ [ -73.761951, 42.517965 ], [ -73.758881, 42.526146 ], [ -73.76113, 42.526322 ], [ -73.758313, 42.534215 ], [ -73.756465, 42.54868 ], [ -73.752168, 42.56672 ], [ -73.752365, 42.57668 ], [ -73.719979, 42.58028 ], [ -73.719042, 42.58422 ], [ -73.714856, 42.585569 ], [ -73.715156, 42.582222 ], [ -73.714317, 42.580985 ], [ -73.708068, 42.581763 ], [ -73.708001, 42.583574 ], [ -73.70476, 42.58356 ], [ -73.70448, 42.583996 ], [ -73.703722, 42.58401 ], [ -73.704122, 42.582255 ], [ -73.699495, 42.58256 ], [ -73.697321, 42.576759 ], [ -73.691307, 42.577763 ], [ -73.691166, 42.579351 ], [ -73.69283, 42.578918 ], [ -73.692017, 42.581102 ], [ -73.6917, 42.580499 ], [ -73.685509, 42.578655 ], [ -73.680203, 42.581931 ], [ -73.679694, 42.584251 ], [ -73.677634, 42.585117 ], [ -73.668923, 42.586191 ], [ -73.667751, 42.58432 ], [ -73.663177, 42.584451 ], [ -73.662543, 42.582489 ], [ -73.66514, 42.581363 ], [ -73.664295, 42.580163 ], [ -73.666219, 42.580344 ], [ -73.66836, 42.577035 ], [ -73.64969, 42.566833 ], [ -73.646121, 42.559975 ], [ -73.655745, 42.559113 ], [ -73.658056, 42.557671 ], [ -73.657007, 42.554961 ], [ -73.655324, 42.554308 ], [ -73.65613, 42.551213 ], [ -73.654849, 42.547248 ], [ -73.656568, 42.547544 ], [ -73.661823, 42.545767 ], [ -73.661087, 42.540267 ], [ -73.663408, 42.539075 ], [ -73.660173, 42.535137 ], [ -73.663558, 42.532165 ], [ -73.666015, 42.528238 ], [ -73.672623, 42.527737 ], [ -73.6726, 42.525713 ], [ -73.675247, 42.521692 ], [ -73.679692, 42.522798 ], [ -73.681785, 42.524021 ], [ -73.682378, 42.522843 ], [ -73.679404, 42.519874 ], [ -73.677735, 42.520356 ], [ -73.675674, 42.519413 ], [ -73.671828, 42.520098 ], [ -73.670719, 42.51977 ], [ -73.669997, 42.518178 ], [ -73.668831, 42.518007 ], [ -73.667679, 42.516688 ], [ -73.666265, 42.512949 ], [ -73.667383, 42.510006 ], [ -73.671196, 42.508803 ], [ -73.673371, 42.509229 ], [ -73.676166, 42.508817 ], [ -73.6729, 42.50361 ], [ -73.670787, 42.503781 ], [ -73.670166, 42.503101 ], [ -73.67013, 42.500993 ], [ -73.672672, 42.500411 ], [ -73.673981, 42.497053 ], [ -73.663581, 42.498011 ], [ -73.660647, 42.496518 ], [ -73.655866, 42.49524 ], [ -73.656661, 42.491202 ], [ -73.656024, 42.489265 ], [ -73.657387, 42.489471 ], [ -73.657662, 42.486785 ], [ -73.660955, 42.486711 ], [ -73.66124, 42.484764 ], [ -73.659958, 42.483274 ], [ -73.660964, 42.482232 ], [ -73.67982, 42.481972 ], [ -73.679834, 42.486151 ], [ -73.682164, 42.487044 ], [ -73.683567, 42.488984 ], [ -73.68537, 42.489835 ], [ -73.689204, 42.489629 ], [ -73.691866, 42.487509 ], [ -73.695415, 42.486773 ], [ -73.697407, 42.488199 ], [ -73.696914, 42.484117 ], [ -73.698891, 42.483059 ], [ -73.731052, 42.494526 ], [ -73.730864, 42.497661 ], [ -73.739807, 42.500217 ], [ -73.738957, 42.501637 ], [ -73.739872, 42.502413 ], [ -73.737529, 42.505821 ], [ -73.739515, 42.506825 ], [ -73.740629, 42.506489 ], [ -73.742585, 42.507215 ], [ -73.74212, 42.508147 ], [ -73.743986, 42.508167 ], [ -73.743497, 42.509193 ], [ -73.745393, 42.511268 ], [ -73.744045, 42.512556 ], [ -73.74847, 42.514247 ], [ -73.748502, 42.51527 ], [ -73.750814, 42.514072 ], [ -73.751303, 42.515744 ], [ -73.753428, 42.515832 ], [ -73.75261, 42.516953 ], [ -73.753835, 42.517315 ], [ -73.756064, 42.516225 ], [ -73.761951, 42.517965 ] ] ] } },
{ "type": "Feature", "properties": { "zcta": "12148" }, "geometry": { "type": "Polygon", "coordinates": [ [ [ -73.899616, 42.879337 ], [ -73.898179, 42.884257 ], [ -73.896364, 42.885457 ], [ -73.895952, 42.889269 ], [ -73.895035, 42.8904 ], [ -73.891129, 42.890336 ], [ -73.889309, 42.892553 ], [ -73.888919, 42.892019 ], [ -73.88413, 42.896618 ], [ -73.88032, 42.898885 ], [ -73.880131, 42.895586 ], [ -73.879086, 42.893498 ], [ -73.880037, 42.89205 ], [ -73.879582, 42.891341 ], [ -73.880305, 42.889361 ], [ -73.879502, 42.888053 ], [ -73.884331, 42.888669 ], [ -73.883603, 42.884669 ], [ -73.887329, 42.880708 ], [ -73.887367, 42.876973 ], [ -73.884433, 42.876672 ], [ -73.883769, 42.877953 ], [ -73.876216, 42.877194 ], [ -73.875178, 42.879454 ], [ -73.874061, 42.87852 ], [ -73.871592, 42.878216 ], [ -73.869233, 42.881329 ], [ -73.867314, 42.881193 ], [ -73.868637, 42.877482 ], [ -73.866178, 42.877539 ], [ -73.865818, 42.873099 ], [ -73.859096, 42.873431 ], [ -73.859599, 42.871248 ], [ -73.850724, 42.869416 ], [ -73.850644, 42.868596 ], [ -73.842599, 42.869349 ], [ -73.841879, 42.862445 ], [ -73.843507, 42.861142 ], [ -73.840899, 42.859561 ], [ -73.836389, 42.859587 ], [ -73.835921, 42.857157 ], [ -73.829939, 42.857689 ], [ -73.828137, 42.855224 ], [ -73.827768, 42.852758 ], [ -73.833255, 42.851384 ], [ -73.834612, 42.850078 ], [ -73.834208, 42.84775 ], [ -73.832621, 42.846788 ], [ -73.832234, 42.84309 ], [ -73.829239, 42.841963 ], [ -73.826941, 42.840093 ], [ -73.821451, 42.839286 ], [ -73.821805, 42.835513 ], [ -73.823306, 42.832132 ], [ -73.810361, 42.832313 ], [ -73.81181, 42.829131 ], [ -73.814573, 42.826714 ], [ -73.813908, 42.825726 ], [ -73.815757, 42.822844 ], [ -73.8202, 42.820642 ], [ -73.818711, 42.818029 ], [ -73.816783, 42.816968 ], [ -73.821411, 42.816005 ], [ -73.82153, 42.813599 ], [ -73.823692, 42.813786 ], [ -73.822039, 42.81331 ], [ -73.817618, 42.809505 ], [ -73.817936, 42.807384 ], [ -73.815866, 42.805972 ], [ -73.814547, 42.806349 ], [ -73.81523, 42.808313 ], [ -73.814432, 42.809718 ], [ -73.807121, 42.808506 ], [ -73.806588, 42.807057 ], [ -73.807772, 42.805736 ], [ -73.805548, 42.800106 ], [ -73.796838, 42.799512 ], [ -73.795723, 42.793244 ], [ -73.789489, 42.79645 ], [ -73.786908, 42.796933 ], [ -73.778543, 42.795385 ], [ -73.776502, 42.792614 ], [ -73.77457, 42.791968 ], [ -73.776204, 42.793039 ], [ -73.773031, 42.791956 ], [ -73.77167, 42.790564 ], [ -73.770047, 42.792006 ], [ -73.768872, 42.795643 ], [ -73.768764, 42.785877 ], [ -73.777364, 42.791777 ], [ -73.779964, 42.792177 ], [ -73.782464, 42.791777 ], [ -73.787065, 42.789677 ], [ -73.793565, 42.782577 ], [ -73.799297, 42.778944 ], [ -73.809369, 42.778869 ], [ -73.822166, 42.780278 ], [ -73.827667, 42.783776 ], [ -73.828468, 42.784879 ], [ -73.829064, 42.790177 ], [ -73.83217, 42.793076 ], [ -73.841569, 42.797875 ], [ -73.845864, 42.804375 ], [ -73.852742, 42.811493 ], [ -73.858468, 42.819977 ], [ -73.866769, 42.828377 ], [ -73.875864, 42.834274 ], [ -73.879663, 42.848575 ], [ -73.881769, 42.850876 ], [ -73.887982, 42.850182 ], [ -73.895938, 42.851076 ], [ -73.899616, 42.879337 ] ] ] } },
{ "type": "Feature", "properties": { "zcta": "12023" }, "geometry": { "type": "Polygon", "coordinates": [ [ [ -74.283732, 42.624999 ], [ -74.275129, 42.623706 ], [ -74.27464, 42.623138 ], [ -74.270091, 42.629335 ], [ -74.273443, 42.630245 ], [ -74.267631, 42.633596 ], [ -74.266615, 42.633267 ], [ -74.267809, 42.630968 ], [ -74.265964, 42.631906 ], [ -74.263368, 42.635416 ], [ -74.264119, 42.636223 ], [ -74.262049, 42.636665 ], [ -74.263374, 42.638779 ], [ -74.262416, 42.64027 ], [ -74.258612, 42.642046 ], [ -74.257401, 42.643301 ], [ -74.254301, 42.644824 ], [ -74.248507, 42.645504 ], [ -74.246233, 42.644606 ], [ -74.242643, 42.648256 ], [ -74.24402, 42.650929 ], [ -74.242741, 42.652723 ], [ -74.23721, 42.650722 ], [ -74.233317, 42.65 ], [ -74.21166, 42.640854 ], [ -74.208852, 42.640805 ], [ -74.208711, 42.642772 ], [ -74.207414, 42.644969 ], [ -74.2047, 42.646923 ], [ -74.208207, 42.649579 ], [ -74.209009, 42.651303 ], [ -74.204438, 42.65335 ], [ -74.200592, 42.6542 ], [ -74.199298, 42.653778 ], [ -74.193532, 42.656851 ], [ -74.190942, 42.659239 ], [ -74.17849, 42.664286 ], [ -74.177223, 42.664276 ], [ -74.174824, 42.665942 ], [ -74.169725, 42.667426 ], [ -74.164388, 42.666742 ], [ -74.163914, 42.672754 ], [ -74.159904, 42.671941 ], [ -74.159361, 42.673353 ], [ -74.161264, 42.680211 ], [ -74.168756, 42.679452 ], [ -74.168867, 42.681187 ], [ -74.162101, 42.683698 ], [ -74.147888, 42.686316 ], [ -74.147213, 42.683247 ], [ -74.140041, 42.684844 ], [ -74.138011, 42.67566 ], [ -74.133858, 42.675672 ], [ -74.129326, 42.672283 ], [ -74.131244, 42.669285 ], [ -74.132309, 42.665582 ], [ -74.1324, 42.660248 ], [ -74.129347, 42.661133 ], [ -74.12131, 42.666871 ], [ -74.120636, 42.660923 ], [ -74.115109, 42.656567 ], [ -74.109232, 42.656082 ], [ -74.108598, 42.649632 ], [ -74.101875, 42.651526 ], [ -74.105024, 42.647079 ], [ -74.105706, 42.642242 ], [ -74.099611, 42.641025 ], [ -74.090628, 42.642343 ], [ -74.094003, 42.635219 ], [ -74.095088, 42.634587 ], [ -74.097413, 42.63649 ], [ -74.100852, 42.636408 ], [ -74.10305, 42.634791 ], [ -74.103177, 42.631795 ], [ -74.102262, 42.628319 ], [ -74.102924, 42.626633 ], [ -74.099877, 42.627037 ], [ -74.09674, 42.628827 ], [ -74.088981, 42.629641 ], [ -74.086903, 42.630539 ], [ -74.085899, 42.626016 ], [ -74.086408, 42.620737 ], [ -74.089706, 42.613652 ], [ -74.091887, 42.613407 ], [ -74.092127, 42.6144 ], [ -74.093483, 42.614596 ], [ -74.094072, 42.613494 ], [ -74.09418, 42.610846 ], [ -74.092465, 42.609624 ], [ -74.092597, 42.605363 ], [ -74.096506, 42.598649 ], [ -74.100578, 42.599479 ], [ -74.102617, 42.596339 ], [ -74.108375, 42.591319 ], [ -74.110633, 42.580982 ], [ -74.11516, 42.578811 ], [ -74.115848, 42.577194 ], [ -74.113815, 42.576047 ], [ -74.113504, 42.569093 ], [ -74.109592, 42.566345 ], [ -74.108815, 42.568007 ], [ -74.106907, 42.568258 ], [ -74.106048, 42.56639 ], [ -74.106511, 42.563774 ], [ -74.105859, 42.562276 ], [ -74.100798, 42.558246 ], [ -74.098791, 42.560156 ], [ -74.09734, 42.569365 ], [ -74.095859, 42.573121 ], [ -74.096256, 42.574757 ], [ -74.095314, 42.577657 ], [ -74.096135, 42.582766 ], [ -74.087111, 42.583981 ], [ -74.082638, 42.564703 ], [ -74.085888, 42.562307 ], [ -74.08612, 42.558368 ], [ -74.090009, 42.554698 ], [ -74.08061, 42.555899 ], [ -74.075975, 42.536072 ], [ -74.082603, 42.535673 ], [ -74.085984, 42.536476 ], [ -74.0865, 42.53887 ], [ -74.087938, 42.539782 ], [ -74.090342, 42.539482 ], [ -74.091279, 42.540799 ], [ -74.090533, 42.54448 ], [ -74.092151, 42.553984 ], [ -74.099345, 42.553086 ], [ -74.09566, 42.535788 ], [ -74.103663, 42.536296 ], [ -74.108818, 42.538832 ], [ -74.116494, 42.539842 ], [ -74.119225, 42.539619 ], [ -74.121848, 42.540585 ], [ -74.127864, 42.540288 ], [ -74.128548, 42.538827 ], [ -74.127631, 42.53596 ], [ -74.12991, 42.531046 ], [ -74.137936, 42.528394 ], [ -74.144207, 42.533632 ], [ -74.147433, 42.538956 ], [ -74.151137, 42.541808 ], [ -74.15219, 42.543534 ], [ -74.15052, 42.543762 ], [ -74.151582, 42.546703 ], [ -74.166398, 42.545373 ], [ -74.179459, 42.543339 ], [ -74.178714, 42.546959 ], [ -74.179739, 42.550548 ], [ -74.198674, 42.548317 ], [ -74.202157, 42.562875 ], [ -74.200401, 42.563095 ], [ -74.201978, 42.563411 ], [ -74.202525, 42.564625 ], [ -74.208094, 42.589601 ], [ -74.220012, 42.588021 ], [ -74.219639, 42.591386 ], [ -74.231584, 42.595422 ], [ -74.23824, 42.59596 ], [ -74.244078, 42.595629 ], [ -74.245238, 42.59511 ], [ -74.248376, 42.596008 ], [ -74.250628, 42.598049 ], [ -74.254514, 42.599507 ], [ -74.257468, 42.595288 ], [ -74.258058, 42.596319 ], [ -74.259329, 42.594307 ], [ -74.265246, 42.588678 ], [ -74.267075, 42.585316 ], [ -74.269521, 42.583318 ], [ -74.275153, 42.582443 ], [ -74.277967, 42.583475 ], [ -74.275611, 42.588787 ], [ -74.2721, 42.592742 ], [ -74.271757, 42.594957 ], [ -74.270419, 42.596718 ], [ -74.267987, 42.597874 ], [ -74.267567, 42.599047 ], [ -74.265146, 42.600813 ], [ -74.264518, 42.602509 ], [ -74.263444, 42.602582 ], [ -74.257504, 42.61114 ], [ -74.259127, 42.615637 ], [ -74.259523, 42.619558 ], [ -74.265768, 42.617881 ], [ -74.26988, 42.618392 ], [ -74.276133, 42.61696 ], [ -74.280877, 42.618586 ], [ -74.28233, 42.622349 ], [ -74.282093, 42.624346 ], [ -74.283732, 42.624999 ] ] ] } },
{ "type": "Feature", "properties": { "zcta": "12094" }, "geometry": { "type": "MultiPolygon", "coordinates": [ [ [ [ -73.490608, 42.827142 ], [ -73.489851, 42.82984 ], [ -73.484759, 42.832407 ], [ -73.486315, 42.840008 ], [ -73.484346, 42.840008 ], [ -73.483553, 42.837511 ], [ -73.481462, 42.840563 ], [ -73.478167, 42.843078 ], [ -73.470694, 42.845772 ], [ -73.465536, 42.846341 ], [ -73.4555, 42.844202 ], [ -73.450642, 42.845017 ], [ -73.446622, 42.84128 ], [ -73.4446, 42.843105 ], [ -73.439987, 42.842812 ], [ -73.438897, 42.837437 ], [ -73.432387, 42.838 ], [ -73.43088, 42.830581 ], [ -73.433051, 42.830538 ], [ -73.432161, 42.828232 ], [ -73.424277, 42.827053 ], [ -73.424213, 42.823341 ], [ -73.417831, 42.824017 ], [ -73.417011, 42.821285 ], [ -73.408148, 42.822283 ], [ -73.408001, 42.815053 ], [ -73.410377, 42.813838 ], [ -73.420872, 42.811992 ], [ -73.423504, 42.810617 ], [ -73.425505, 42.811313 ], [ -73.426752, 42.810082 ], [ -73.430466, 42.809411 ], [ -73.431269, 42.812881 ], [ -73.433044, 42.813172 ], [ -73.43364, 42.812317 ], [ -73.438976, 42.812009 ], [ -73.437758, 42.804924 ], [ -73.444332, 42.804485 ], [ -73.446129, 42.808811 ], [ -73.450866, 42.807482 ], [ -73.451851, 42.806335 ], [ -73.455309, 42.808732 ], [ -73.458195, 42.809089 ], [ -73.45683, 42.811168 ], [ -73.459692, 42.81101 ], [ -73.463738, 42.815435 ], [ -73.469628, 42.81614 ], [ -73.47531, 42.818089 ], [ -73.477086, 42.822215 ], [ -73.478936, 42.823004 ], [ -73.482913, 42.823232 ], [ -73.483157, 42.824409 ], [ -73.485053, 42.824032 ], [ -73.48521, 42.824893 ], [ -73.490147, 42.824976 ], [ -73.490608, 42.827142 ] ] ], [ [ [ -73.542212, 42.869459 ], [ -73.542607, 42.873129 ], [ -73.540901, 42.873316 ], [ -73.541832, 42.877001 ], [ -73.540316, 42.877317 ], [ -73.541275, 42.88255 ], [ -73.539917, 42.882274 ], [ -73.537438, 42.888576 ], [ -73.53445, 42.888286 ], [ -73.532608, 42.895154 ], [ -73.5299, 42.895586 ], [ -73.53016, 42.897264 ], [ -73.532572, 42.89896 ], [ -73.543167, 42.899413 ], [ -73.541426, 42.906044 ], [ -73.535859, 42.907323 ], [ -73.531997, 42.909064 ], [ -73.533284, 42.909803 ], [ -73.533139, 42.911284 ], [ -73.53549, 42.914751 ], [ -73.534817, 42.916634 ], [ -73.53284, 42.917703 ], [ -73.530808, 42.917638 ], [ -73.526742, 42.916341 ], [ -73.525121, 42.917189 ], [ -73.526372, 42.920235 ], [ -73.524845, 42.920894 ], [ -73.514185, 42.917996 ], [ -73.52504, 42.921795 ], [ -73.525856, 42.925338 ], [ -73.522214, 42.924573 ], [ -73.519754, 42.925794 ], [ -73.528576, 42.929874 ], [ -73.527672, 42.933507 ], [ -73.529276, 42.935379 ], [ -73.527753, 42.937717 ], [ -73.527618, 42.943162 ], [ -73.519886, 42.943309 ], [ -73.519725, 42.9467 ], [ -73.522263, 42.95432 ], [ -73.520035, 42.958756 ], [ -73.517183, 42.956813 ], [ -73.514984, 42.956203 ], [ -73.511056, 42.957637 ], [ -73.511093, 42.971943 ], [ -73.512655, 42.98163 ], [ -73.48706, 42.984551 ], [ -73.484928, 42.987362 ], [ -73.48024, 42.98944 ], [ -73.479225, 42.980951 ], [ -73.473102, 42.974285 ], [ -73.472539, 42.969956 ], [ -73.476399, 42.964347 ], [ -73.482374, 42.964994 ], [ -73.483871, 42.957906 ], [ -73.482931, 42.9556 ], [ -73.48572, 42.954336 ], [ -73.485619, 42.953585 ], [ -73.49108, 42.948728 ], [ -73.492693, 42.945137 ], [ -73.496004, 42.943794 ], [ -73.498821, 42.943712 ], [ -73.496436, 42.942586 ], [ -73.498802, 42.9409 ], [ -73.49878, 42.938686 ], [ -73.495575, 42.937691 ], [ -73.495564, 42.93541 ], [ -73.490803, 42.934237 ], [ -73.480926, 42.934831 ], [ -73.474685, 42.93557 ], [ -73.468319, 42.93845 ], [ -73.466739, 42.942038 ], [ -73.463863, 42.944583 ], [ -73.450593, 42.944581 ], [ -73.448532, 42.944371 ], [ -73.447991, 42.943825 ], [ -73.450303, 42.941996 ], [ -73.459457, 42.938661 ], [ -73.465559, 42.934334 ], [ -73.479597, 42.929533 ], [ -73.479413, 42.928849 ], [ -73.476613, 42.929687 ], [ -73.474482, 42.929479 ], [ -73.474287, 42.928113 ], [ -73.47205, 42.927844 ], [ -73.470971, 42.929024 ], [ -73.469781, 42.928472 ], [ -73.466036, 42.930092 ], [ -73.465261, 42.928979 ], [ -73.466239, 42.924647 ], [ -73.465317, 42.921897 ], [ -73.467849, 42.913305 ], [ -73.471427, 42.910105 ], [ -73.474483, 42.903878 ], [ -73.473732, 42.89773 ], [ -73.462568, 42.90285 ], [ -73.460385, 42.901089 ], [ -73.458323, 42.900442 ], [ -73.45626, 42.890066 ], [ -73.462247, 42.887638 ], [ -73.469104, 42.887108 ], [ -73.465546, 42.870143 ], [ -73.459474, 42.869564 ], [ -73.452404, 42.871887 ], [ -73.449578, 42.872233 ], [ -73.450797, 42.869675 ], [ -73.449995, 42.864084 ], [ -73.451193, 42.860585 ], [ -73.453138, 42.85886 ], [ -73.455995, 42.849992 ], [ -73.457584, 42.850214 ], [ -73.465709, 42.84687 ], [ -73.468563, 42.847444 ], [ -73.473133, 42.846692 ], [ -73.475518, 42.845038 ], [ -73.480832, 42.846441 ], [ -73.482892, 42.845708 ], [ -73.484135, 42.842441 ], [ -73.486344, 42.84012 ], [ -73.49077, 42.849384 ], [ -73.494048, 42.853772 ], [ -73.499855, 42.855555 ], [ -73.499025, 42.857911 ], [ -73.495889, 42.862155 ], [ -73.497572, 42.862052 ], [ -73.498665, 42.867543 ], [ -73.505105, 42.866959 ], [ -73.505684, 42.869811 ], [ -73.513972, 42.86892 ], [ -73.513786, 42.867577 ], [ -73.51681, 42.867271 ], [ -73.516661, 42.865143 ], [ -73.534242, 42.862558 ], [ -73.536206, 42.865786 ], [ -73.538148, 42.865477 ], [ -73.539036, 42.867955 ], [ -73.541649, 42.868223 ], [ -73.543346, 42.869158 ], [ -73.542212, 42.869459 ] ] ] ] } },
{ "type": "Feature", "properties": { "zcta": "12144" }, "geometry": { "type": "Polygon", "coordinates": [ [ [ -73.761265, 42.610379 ], [ -73.752965, 42.628679 ], [ -73.751165, 42.63608 ], [ -73.746564, 42.646179 ], [ -73.741798, 42.654318 ], [ -73.740364, 42.656079 ], [ -73.730864, 42.663279 ], [ -73.724964, 42.670179 ], [ -73.723995, 42.669646 ], [ -73.717341, 42.675843 ], [ -73.716051, 42.675067 ], [ -73.70899, 42.675964 ], [ -73.702974, 42.674282 ], [ -73.699456, 42.674856 ], [ -73.695653, 42.676301 ], [ -73.693721, 42.675027 ], [ -73.693145, 42.676315 ], [ -73.690837, 42.675756 ], [ -73.691256, 42.669489 ], [ -73.687928, 42.669434 ], [ -73.687654, 42.66697 ], [ -73.686032, 42.66645 ], [ -73.684518, 42.666934 ], [ -73.68256, 42.666628 ], [ -73.681459, 42.665305 ], [ -73.678898, 42.664062 ], [ -73.676504, 42.666614 ], [ -73.658865, 42.658632 ], [ -73.658842, 42.651761 ], [ -73.653445, 42.651142 ], [ -73.652687, 42.643261 ], [ -73.653496, 42.643401 ], [ -73.653431, 42.639331 ], [ -73.663676, 42.640809 ], [ -73.671936, 42.640654 ], [ -73.674016, 42.640132 ], [ -73.677936, 42.640577 ], [ -73.679719, 42.639173 ], [ -73.692134, 42.639229 ], [ -73.69353, 42.633623 ], [ -73.697567, 42.633357 ], [ -73.699394, 42.632138 ], [ -73.699545, 42.630877 ], [ -73.701006, 42.63105 ], [ -73.700604, 42.6258 ], [ -73.702035, 42.619518 ], [ -73.70274, 42.619618 ], [ -73.703427, 42.616068 ], [ -73.708036, 42.615365 ], [ -73.707149, 42.614046 ], [ -73.709008, 42.612189 ], [ -73.709571, 42.609749 ], [ -73.715745, 42.614969 ], [ -73.725161, 42.609219 ], [ -73.722553, 42.607169 ], [ -73.719417, 42.608387 ], [ -73.717465, 42.608046 ], [ -73.716047, 42.606592 ], [ -73.718008, 42.604869 ], [ -73.716064, 42.603887 ], [ -73.716338, 42.602311 ], [ -73.712176, 42.596713 ], [ -73.715564, 42.593981 ], [ -73.715887, 42.588718 ], [ -73.714237, 42.588228 ], [ -73.71425, 42.585786 ], [ -73.719042, 42.58422 ], [ -73.719979, 42.58028 ], [ -73.752365, 42.57668 ], [ -73.754365, 42.58258 ], [ -73.758265, 42.58988 ], [ -73.761265, 42.600779 ], [ -73.761265, 42.610379 ] ] ] } },
{ "type": "Feature", "properties": { "zcta": "12850" }, "geometry": { "type": "Polygon", "coordinates": [ [ [ -74.073449, 43.110203 ], [ -74.073971, 43.11418 ], [ -74.064701, 43.118971 ], [ -74.067315, 43.129982 ], [ -74.068017, 43.129578 ], [ -74.067317, 43.13222 ], [ -74.064748, 43.13427 ], [ -74.062462, 43.134137 ], [ -74.058723, 43.135696 ], [ -74.054161, 43.136171 ], [ -74.048712, 43.132888 ], [ -74.044393, 43.132779 ], [ -74.041064, 43.131214 ], [ -74.040916, 43.128668 ], [ -74.040049, 43.127417 ], [ -73.971639, 43.162664 ], [ -73.968619, 43.152153 ], [ -73.969844, 43.148851 ], [ -73.972157, 43.146655 ], [ -73.967847, 43.145431 ], [ -73.956867, 43.148705 ], [ -73.936316, 43.132503 ], [ -73.937262, 43.129665 ], [ -73.937319, 43.124992 ], [ -73.934624, 43.120205 ], [ -73.935412, 43.11892 ], [ -73.938982, 43.117824 ], [ -73.931672, 43.105319 ], [ -73.928845, 43.104871 ], [ -73.929, 43.104123 ], [ -73.926127, 43.100667 ], [ -73.922133, 43.097441 ], [ -73.92236, 43.092517 ], [ -73.921356, 43.091492 ], [ -73.917792, 43.092719 ], [ -73.915628, 43.095601 ], [ -73.913959, 43.096227 ], [ -73.911348, 43.104165 ], [ -73.90887, 43.107165 ], [ -73.906894, 43.107937 ], [ -73.905566, 43.106885 ], [ -73.908792, 43.106209 ], [ -73.911559, 43.103138 ], [ -73.913713, 43.096003 ], [ -73.915696, 43.093944 ], [ -73.916703, 43.091515 ], [ -73.916548, 43.09002 ], [ -73.90955, 43.090735 ], [ -73.899945, 43.090306 ], [ -73.896884, 43.091642 ], [ -73.897103, 43.093804 ], [ -73.89611, 43.094976 ], [ -73.888089, 43.095714 ], [ -73.888113, 43.09873 ], [ -73.882805, 43.101922 ], [ -73.879253, 43.102785 ], [ -73.878816, 43.104536 ], [ -73.876259, 43.104773 ], [ -73.876059, 43.103791 ], [ -73.873594, 43.104558 ], [ -73.871682, 43.101985 ], [ -73.871143, 43.097123 ], [ -73.875987, 43.092248 ], [ -73.874526, 43.089936 ], [ -73.872943, 43.090085 ], [ -73.872516, 43.087176 ], [ -73.879179, 43.086428 ], [ -73.879202, 43.084081 ], [ -73.876571, 43.078716 ], [ -73.877888, 43.071597 ], [ -73.881059, 43.069969 ], [ -73.890943, 43.068877 ], [ -73.890228, 43.065908 ], [ -73.897336, 43.065255 ], [ -73.897052, 43.06304 ], [ -73.903291, 43.062421 ], [ -73.904011, 43.065885 ], [ -73.90596, 43.065811 ], [ -73.906417, 43.067664 ], [ -73.91201, 43.066925 ], [ -73.915182, 43.068824 ], [ -73.91812, 43.068587 ], [ -73.918367, 43.069911 ], [ -73.916424, 43.070095 ], [ -73.916664, 43.071287 ], [ -73.922437, 43.07068 ], [ -73.923242, 43.075875 ], [ -73.946556, 43.074143 ], [ -73.947093, 43.078215 ], [ -73.950229, 43.077819 ], [ -73.950642, 43.074163 ], [ -73.957876, 43.073404 ], [ -73.954952, 43.07213 ], [ -73.949821, 43.073155 ], [ -73.949015, 43.067838 ], [ -73.949723, 43.061499 ], [ -73.952288, 43.059623 ], [ -73.952801, 43.053743 ], [ -73.950562, 43.05276 ], [ -73.949238, 43.051204 ], [ -73.948352, 43.047641 ], [ -73.945921, 43.044954 ], [ -73.943965, 43.044458 ], [ -73.949966, 43.041429 ], [ -73.949781, 43.044444 ], [ -73.953238, 43.04607 ], [ -73.953867, 43.044178 ], [ -73.95571, 43.045012 ], [ -73.959248, 43.044757 ], [ -73.961581, 43.042176 ], [ -73.964656, 43.041638 ], [ -73.966714, 43.039847 ], [ -73.968692, 43.039155 ], [ -73.970519, 43.037133 ], [ -73.972228, 43.036884 ], [ -73.972169, 43.033839 ], [ -73.975412, 43.031136 ], [ -73.977291, 43.030757 ], [ -73.977266, 43.029453 ], [ -73.979863, 43.028659 ], [ -73.980057, 43.027198 ], [ -73.98122, 43.027302 ], [ -73.982322, 43.032727 ], [ -73.983861, 43.032918 ], [ -73.987206, 43.03766 ], [ -73.99028, 43.047631 ], [ -73.990001, 43.055687 ], [ -73.987348, 43.05577 ], [ -73.984985, 43.061315 ], [ -73.986769, 43.06111 ], [ -73.988091, 43.058226 ], [ -73.992401, 43.057746 ], [ -73.993209, 43.062776 ], [ -74.010164, 43.06062 ], [ -74.010023, 43.061605 ], [ -74.007818, 43.063561 ], [ -74.009654, 43.064416 ], [ -74.021219, 43.061062 ], [ -74.020751, 43.061478 ], [ -74.022943, 43.065453 ], [ -74.022996, 43.067002 ], [ -74.035118, 43.088504 ], [ -74.036513, 43.089334 ], [ -74.043984, 43.087144 ], [ -74.049214, 43.087969 ], [ -74.051445, 43.090679 ], [ -74.052927, 43.094081 ], [ -74.055886, 43.095743 ], [ -74.057349, 43.097707 ], [ -74.060653, 43.103635 ], [ -74.066806, 43.10104 ], [ -74.069865, 43.100986 ], [ -74.071239, 43.100175 ], [ -74.071786, 43.101031 ], [ -74.068244, 43.103303 ], [ -74.067259, 43.102819 ], [ -74.062626, 43.103348 ], [ -74.064411, 43.105067 ], [ -74.06508, 43.111636 ], [ -74.069498, 43.109061 ], [ -74.072281, 43.10974 ], [ -74.076781, 43.107879 ], [ -74.073449, 43.110203 ] ] ] } },
{ "type": "Feature", "properties": { "zcta": "12208" }, "geometry": { "type": "Polygon", "coordinates": [ [ [ -73.847016, 42.649279 ], [ -73.84246, 42.652268 ], [ -73.83791, 42.654131 ], [ -73.837404, 42.653705 ], [ -73.826032, 42.655895 ], [ -73.823598, 42.657593 ], [ -73.82829, 42.66162 ], [ -73.826745, 42.662491 ], [ -73.824502, 42.66277 ], [ -73.818555, 42.667361 ], [ -73.816009, 42.665701 ], [ -73.812952, 42.667641 ], [ -73.809455, 42.664886 ], [ -73.804717, 42.663217 ], [ -73.803617, 42.663699 ], [ -73.803883, 42.663242 ], [ -73.80227, 42.663115 ], [ -73.801461, 42.663916 ], [ -73.800105, 42.663138 ], [ -73.798743, 42.664419 ], [ -73.797956, 42.663975 ], [ -73.794357, 42.667304 ], [ -73.789413, 42.665727 ], [ -73.789248, 42.664777 ], [ -73.784157, 42.661867 ], [ -73.783696, 42.662302 ], [ -73.781342, 42.660259 ], [ -73.779032, 42.660167 ], [ -73.777641, 42.659344 ], [ -73.777587, 42.65809 ], [ -73.767713, 42.652439 ], [ -73.769528, 42.650751 ], [ -73.770396, 42.651245 ], [ -73.77361, 42.648436 ], [ -73.772669, 42.647334 ], [ -73.773099, 42.646977 ], [ -73.781576, 42.644057 ], [ -73.784205, 42.643698 ], [ -73.801965, 42.651967 ], [ -73.80772, 42.646047 ], [ -73.802879, 42.643464 ], [ -73.809204, 42.639149 ], [ -73.816128, 42.644553 ], [ -73.818766, 42.644404 ], [ -73.820342, 42.64306 ], [ -73.821155, 42.640857 ], [ -73.822394, 42.64029 ], [ -73.825773, 42.64128 ], [ -73.827825, 42.640822 ], [ -73.831253, 42.641305 ], [ -73.836316, 42.640465 ], [ -73.840076, 42.642121 ], [ -73.843869, 42.641774 ], [ -73.846069, 42.643527 ], [ -73.845713, 42.646566 ], [ -73.847016, 42.649279 ] ] ] } },
{ "type": "Feature", "properties": { "zcta": "12082" }, "geometry": { "type": "Polygon", "coordinates": [ [ [ -73.45084, 42.769674 ], [ -73.44211, 42.771251 ], [ -73.446049, 42.76953 ], [ -73.451033, 42.769163 ], [ -73.45084, 42.769674 ] ] ] } },
{ "type": "Feature", "properties": { "zcta": "12138" }, "geometry": { "type": "Polygon", "coordinates": [ [ [ -73.487996, 42.685613 ], [ -73.488579, 42.687695 ], [ -73.485911, 42.689511 ], [ -73.486213, 42.691337 ], [ -73.484633, 42.692133 ], [ -73.483396, 42.697573 ], [ -73.477556, 42.704078 ], [ -73.478318, 42.704224 ], [ -73.477377, 42.706175 ], [ -73.475185, 42.708418 ], [ -73.479911, 42.70784 ], [ -73.478837, 42.711268 ], [ -73.480027, 42.711263 ], [ -73.481005, 42.70763 ], [ -73.484315, 42.707433 ], [ -73.481599, 42.718178 ], [ -73.431151, 42.723249 ], [ -73.429664, 42.725057 ], [ -73.424038, 42.725125 ], [ -73.423941, 42.726746 ], [ -73.425243, 42.729474 ], [ -73.423996, 42.731204 ], [ -73.422544, 42.736312 ], [ -73.426287, 42.741103 ], [ -73.42223, 42.748898 ], [ -73.422748, 42.753822 ], [ -73.427947, 42.755526 ], [ -73.428211, 42.760592 ], [ -73.426306, 42.764847 ], [ -73.428116, 42.767363 ], [ -73.42768, 42.77029 ], [ -73.430697, 42.771407 ], [ -73.429117, 42.775257 ], [ -73.423478, 42.779326 ], [ -73.425353, 42.779966 ], [ -73.425244, 42.786344 ], [ -73.421675, 42.789437 ], [ -73.417725, 42.794339 ], [ -73.418867, 42.798098 ], [ -73.423626, 42.800478 ], [ -73.426243, 42.803191 ], [ -73.426752, 42.810082 ], [ -73.425505, 42.811313 ], [ -73.423504, 42.810617 ], [ -73.420872, 42.811992 ], [ -73.410377, 42.813838 ], [ -73.408001, 42.815053 ], [ -73.408148, 42.822283 ], [ -73.336169, 42.830572 ], [ -73.335526, 42.83689 ], [ -73.339366, 42.844396 ], [ -73.344609, 42.850122 ], [ -73.34704, 42.851774 ], [ -73.345853, 42.852895 ], [ -73.343197, 42.852846 ], [ -73.340101, 42.851218 ], [ -73.338738, 42.851502 ], [ -73.334749, 42.85504 ], [ -73.331923, 42.854609 ], [ -73.330178, 42.852275 ], [ -73.329174, 42.849529 ], [ -73.329724, 42.846946 ], [ -73.327304, 42.840881 ], [ -73.328193, 42.838998 ], [ -73.33018, 42.837533 ], [ -73.332147, 42.834801 ], [ -73.332199, 42.832704 ], [ -73.335697, 42.830624 ], [ -73.2784875592411, 42.837536299269807 ], [ -73.278673, 42.83341 ], [ -73.284311, 42.834954 ], [ -73.285388, 42.834093 ], [ -73.287063, 42.82014 ], [ -73.28375, 42.813864 ], [ -73.286337, 42.808038 ], [ -73.290944, 42.80192 ], [ -73.276421, 42.746019 ], [ -73.264957, 42.74594 ], [ -73.274145059306704, 42.721184806021597 ], [ -73.278684, 42.720923 ], [ -73.282021, 42.715358 ], [ -73.287125, 42.718669 ], [ -73.294663, 42.701867 ], [ -73.315795, 42.699595 ], [ -73.338653, 42.700505 ], [ -73.341667, 42.702942 ], [ -73.344952, 42.703512 ], [ -73.346383, 42.704352 ], [ -73.350516, 42.701729 ], [ -73.369846, 42.693552 ], [ -73.370629, 42.695619 ], [ -73.369282, 42.699648 ], [ -73.359882, 42.702238 ], [ -73.349073, 42.709265 ], [ -73.348373, 42.711175 ], [ -73.358067, 42.714032 ], [ -73.373108, 42.706597 ], [ -73.374939, 42.705012 ], [ -73.37486, 42.701975 ], [ -73.377283, 42.700798 ], [ -73.374008, 42.696383 ], [ -73.374049, 42.69433 ], [ -73.377238, 42.693688 ], [ -73.378433, 42.692128 ], [ -73.380264, 42.691355 ], [ -73.383547, 42.684451 ], [ -73.382763, 42.677647 ], [ -73.380049, 42.677236 ], [ -73.379818, 42.660474 ], [ -73.378158, 42.653265 ], [ -73.36234, 42.639671 ], [ -73.359298, 42.632016 ], [ -73.362682, 42.627146 ], [ -73.360111, 42.627097 ], [ -73.362692, 42.624157 ], [ -73.362016, 42.62302 ], [ -73.356299, 42.62263 ], [ -73.358098, 42.614289 ], [ -73.380149, 42.612446 ], [ -73.383813, 42.612636 ], [ -73.387259, 42.614012 ], [ -73.389617, 42.613615 ], [ -73.392016, 42.611764 ], [ -73.403403, 42.61107 ], [ -73.406944, 42.613931 ], [ -73.407759, 42.61835 ], [ -73.410152, 42.622964 ], [ -73.410087, 42.625309 ], [ -73.41147, 42.629427 ], [ -73.414288, 42.633614 ], [ -73.417102, 42.635651 ], [ -73.420548, 42.636099 ], [ -73.417457, 42.646373 ], [ -73.427483, 42.645498 ], [ -73.426832, 42.647982 ], [ -73.424372, 42.648268 ], [ -73.42393, 42.650406 ], [ -73.426008, 42.650335 ], [ -73.424749, 42.655903 ], [ -73.443567, 42.653825 ], [ -73.444473, 42.649852 ], [ -73.455025, 42.649366 ], [ -73.450376, 42.666826 ], [ -73.47886, 42.663195 ], [ -73.477053, 42.670478 ], [ -73.461694, 42.672228 ], [ -73.460692, 42.675461 ], [ -73.465423, 42.675117 ], [ -73.46272, 42.685434 ], [ -73.482321, 42.683301 ], [ -73.482042, 42.684574 ], [ -73.488853, 42.684192 ], [ -73.487996, 42.685613 ] ] ] } },
{ "type": "Feature", "properties": { "zcta": "12121" }, "geometry": { "type": "Polygon", "coordinates": [ [ [ -73.673814, 42.866762 ], [ -73.673238, 42.875344 ], [ -73.671873, 42.875661 ], [ -73.672952, 42.878855 ], [ -73.675897, 42.882079 ], [ -73.674967, 42.883956 ], [ -73.675258, 42.885139 ], [ -73.671264, 42.877769 ], [ -73.665358, 42.88619 ], [ -73.662553, 42.887596 ], [ -73.66189, 42.887482 ], [ -73.658164, 42.881805 ], [ -73.655549, 42.880023 ], [ -73.661561, 42.879 ], [ -73.662822, 42.874833 ], [ -73.656514, 42.871563 ], [ -73.65594, 42.870259 ], [ -73.654145, 42.869333 ], [ -73.643878, 42.870014 ], [ -73.641014, 42.871497 ], [ -73.640668, 42.868754 ], [ -73.645231, 42.868324 ], [ -73.645031, 42.866319 ], [ -73.648408, 42.865505 ], [ -73.641548, 42.865582 ], [ -73.639356, 42.867212 ], [ -73.63819, 42.869631 ], [ -73.634587, 42.869647 ], [ -73.632711, 42.871461 ], [ -73.635664, 42.872593 ], [ -73.633459, 42.874255 ], [ -73.631498, 42.874524 ], [ -73.630274, 42.876543 ], [ -73.628809, 42.875807 ], [ -73.625682, 42.875847 ], [ -73.624825, 42.876504 ], [ -73.621767, 42.875541 ], [ -73.6199, 42.876757 ], [ -73.618798, 42.876336 ], [ -73.617795, 42.874313 ], [ -73.620014, 42.863995 ], [ -73.611386, 42.864992 ], [ -73.609791, 42.863941 ], [ -73.608504, 42.860824 ], [ -73.606916, 42.859175 ], [ -73.597904, 42.864612 ], [ -73.594748, 42.869641 ], [ -73.593714, 42.86612 ], [ -73.589442, 42.869143 ], [ -73.586293, 42.869287 ], [ -73.58449, 42.868604 ], [ -73.585256, 42.866639 ], [ -73.584622, 42.865545 ], [ -73.582688, 42.864911 ], [ -73.580455, 42.865435 ], [ -73.581503, 42.863716 ], [ -73.581364, 42.862208 ], [ -73.579554, 42.86196 ], [ -73.578652, 42.860204 ], [ -73.577104, 42.861362 ], [ -73.576779, 42.86029 ], [ -73.579401, 42.857399 ], [ -73.582936, 42.856162 ], [ -73.576855, 42.85547 ], [ -73.572206, 42.854195 ], [ -73.567993, 42.851331 ], [ -73.565873, 42.852668 ], [ -73.564825, 42.852243 ], [ -73.561994, 42.853111 ], [ -73.56115, 42.852678 ], [ -73.557829, 42.853057 ], [ -73.556649, 42.851832 ], [ -73.554692, 42.851781 ], [ -73.553766, 42.850478 ], [ -73.550645, 42.852243 ], [ -73.54345, 42.843147 ], [ -73.526011, 42.831613 ], [ -73.523762, 42.831812 ], [ -73.524224, 42.831287 ], [ -73.52221, 42.83034 ], [ -73.51924, 42.827418 ], [ -73.518814, 42.825556 ], [ -73.516431, 42.823039 ], [ -73.516225, 42.821753 ], [ -73.517228, 42.819786 ], [ -73.524706, 42.818566 ], [ -73.530195, 42.822437 ], [ -73.531352, 42.824717 ], [ -73.534436, 42.826401 ], [ -73.536688, 42.82613 ], [ -73.537695, 42.823935 ], [ -73.535428, 42.823969 ], [ -73.534523, 42.817966 ], [ -73.537849, 42.815075 ], [ -73.540376, 42.814068 ], [ -73.541367, 42.815232 ], [ -73.543392, 42.815267 ], [ -73.543914, 42.818426 ], [ -73.566855, 42.815158 ], [ -73.573987, 42.814851 ], [ -73.575176, 42.812887 ], [ -73.576553, 42.81407 ], [ -73.577769, 42.812953 ], [ -73.579034, 42.813299 ], [ -73.589214, 42.812009 ], [ -73.59243, 42.813992 ], [ -73.593914, 42.81416 ], [ -73.604866, 42.812603 ], [ -73.605523, 42.814825 ], [ -73.604948, 42.816729 ], [ -73.608099, 42.818305 ], [ -73.61089, 42.823822 ], [ -73.613955, 42.825292 ], [ -73.614796, 42.826886 ], [ -73.616922, 42.828018 ], [ -73.619051, 42.828239 ], [ -73.61928, 42.829189 ], [ -73.622278, 42.829138 ], [ -73.624556, 42.830471 ], [ -73.627288, 42.828416 ], [ -73.626141, 42.830969 ], [ -73.635591, 42.833349 ], [ -73.63807, 42.832536 ], [ -73.6383, 42.833882 ], [ -73.641389, 42.833658 ], [ -73.643899, 42.836151 ], [ -73.644685, 42.834836 ], [ -73.649193, 42.835174 ], [ -73.65128, 42.834082 ], [ -73.653119, 42.835436 ], [ -73.657498, 42.835945 ], [ -73.661456, 42.835695 ], [ -73.663991, 42.833991 ], [ -73.663396, 42.833295 ], [ -73.665759, 42.833373 ], [ -73.670609, 42.839743 ], [ -73.671952, 42.843859 ], [ -73.673757, 42.855465 ], [ -73.675904, 42.858575 ], [ -73.673814, 42.866762 ] ] ] } },
{ "type": "Feature", "properties": { "zcta": "12137" }, "geometry": { "type": "Polygon", "coordinates": [ [ [ -74.207546, 42.836553 ], [ -74.202585, 42.839073 ], [ -74.200756, 42.843324 ], [ -74.197691, 42.844361 ], [ -74.192682, 42.844838 ], [ -74.197431, 42.844737 ], [ -74.19665, 42.846152 ], [ -74.192515, 42.849311 ], [ -74.189771, 42.850513 ], [ -74.186414, 42.846893 ], [ -74.178823, 42.850626 ], [ -74.181211, 42.851035 ], [ -74.185366, 42.856108 ], [ -74.180751, 42.856209 ], [ -74.169278, 42.858186 ], [ -74.163365, 42.860026 ], [ -74.158961, 42.862479 ], [ -74.158206, 42.865233 ], [ -74.158852, 42.868433 ], [ -74.15748, 42.869519 ], [ -74.158304, 42.870154 ], [ -74.155734, 42.873118 ], [ -74.157809, 42.87662 ], [ -74.145547, 42.882919 ], [ -74.14334, 42.880691 ], [ -74.128864, 42.88808 ], [ -74.125932, 42.887285 ], [ -74.114579, 42.892847 ], [ -74.114124, 42.895045 ], [ -74.116958, 42.894393 ], [ -74.120887, 42.895348 ], [ -74.120696, 42.898088 ], [ -74.118646, 42.90115 ], [ -74.12589, 42.902545 ], [ -74.12453, 42.90403 ], [ -74.124092, 42.906591 ], [ -74.122011, 42.907046 ], [ -74.121114, 42.908195 ], [ -74.124278, 42.909689 ], [ -74.112952, 42.905744 ], [ -74.098212, 42.903155 ], [ -74.093371, 42.899947 ], [ -74.093057, 42.900298 ], [ -74.091453, 42.899802 ], [ -74.085978, 42.896281 ], [ -74.08526, 42.894509 ], [ -74.077168, 42.892603 ], [ -74.074556, 42.891044 ], [ -74.078107, 42.889089 ], [ -74.077473, 42.887814 ], [ -74.059234, 42.875805 ], [ -74.047817, 42.871398 ], [ -74.049294, 42.869181 ], [ -74.053593, 42.867226 ], [ -74.056779, 42.863992 ], [ -74.077561, 42.853796 ], [ -74.076275, 42.848168 ], [ -74.080499, 42.842406 ], [ -74.079161, 42.838095 ], [ -74.087752, 42.838992 ], [ -74.091751, 42.841908 ], [ -74.093054, 42.845515 ], [ -74.094298, 42.856193 ], [ -74.096006, 42.858268 ], [ -74.099888, 42.858656 ], [ -74.104842, 42.85831 ], [ -74.107653, 42.859291 ], [ -74.109295, 42.860896 ], [ -74.112956, 42.855202 ], [ -74.120599, 42.853285 ], [ -74.115558, 42.83338 ], [ -74.105725, 42.834739 ], [ -74.10275, 42.83694 ], [ -74.102183, 42.838258 ], [ -74.100236, 42.836505 ], [ -74.100687, 42.83294 ], [ -74.105198, 42.832167 ], [ -74.104705, 42.828816 ], [ -74.110713, 42.827821 ], [ -74.110075, 42.825073 ], [ -74.113566, 42.824465 ], [ -74.11521, 42.831821 ], [ -74.122913, 42.829623 ], [ -74.120902, 42.827567 ], [ -74.123855, 42.826491 ], [ -74.132144, 42.824902 ], [ -74.135257, 42.823407 ], [ -74.141226, 42.823598 ], [ -74.142398, 42.822532 ], [ -74.144287, 42.822337 ], [ -74.142376, 42.813818 ], [ -74.146451, 42.815377 ], [ -74.156096, 42.815653 ], [ -74.156043, 42.81833 ], [ -74.162286, 42.818363 ], [ -74.164786, 42.817832 ], [ -74.167432, 42.818617 ], [ -74.170489, 42.818355 ], [ -74.175126, 42.819554 ], [ -74.182314, 42.818621 ], [ -74.182404, 42.819209 ], [ -74.186316, 42.820209 ], [ -74.192991, 42.820859 ], [ -74.194993, 42.821936 ], [ -74.195765, 42.823372 ], [ -74.19543, 42.828048 ], [ -74.198367, 42.830492 ], [ -74.196657, 42.825654 ], [ -74.198058, 42.821095 ], [ -74.197504, 42.819701 ], [ -74.204171, 42.818961 ], [ -74.207546, 42.836553 ] ] ] } },
{ "type": "Feature", "properties": { "zcta": "12154" }, "geometry": { "type": "Polygon", "coordinates": [ [ [ -73.678714, 42.909357 ], [ -73.673387, 42.914211 ], [ -73.670196, 42.918201 ], [ -73.671695, 42.919262 ], [ -73.663677, 42.926445 ], [ -73.662943, 42.929556 ], [ -73.659675, 42.933364 ], [ -73.650897, 42.938138 ], [ -73.647144, 42.938994 ], [ -73.639952, 42.939418 ], [ -73.635463, 42.94129 ], [ -73.632305, 42.944379 ], [ -73.629653, 42.950265 ], [ -73.628708, 42.959151 ], [ -73.631467, 42.969739 ], [ -73.629425, 42.972147 ], [ -73.609282, 42.982241 ], [ -73.606699, 42.999241 ], [ -73.601826, 43.004269 ], [ -73.597445, 43.007372 ], [ -73.59568, 43.007559 ], [ -73.592169, 43.015061 ], [ -73.589331, 43.024327 ], [ -73.590283, 43.026716 ], [ -73.588833, 43.02653 ], [ -73.58603, 43.027321 ], [ -73.581679, 43.025539 ], [ -73.577191, 43.02673 ], [ -73.576213, 43.026124 ], [ -73.570561, 43.026311 ], [ -73.569137, 43.027384 ], [ -73.569795, 43.028056 ], [ -73.567788, 43.028664 ], [ -73.568056, 43.029988 ], [ -73.566504, 43.031086 ], [ -73.56536, 43.034554 ], [ -73.563705, 43.034813 ], [ -73.566432, 43.027301 ], [ -73.563455, 43.027108 ], [ -73.561138, 43.024969 ], [ -73.559059, 43.024811 ], [ -73.558676, 43.02348 ], [ -73.555403, 43.023314 ], [ -73.553485, 43.023894 ], [ -73.551121, 43.021531 ], [ -73.551334, 43.017483 ], [ -73.549892, 43.015497 ], [ -73.553216, 43.016249 ], [ -73.559223, 43.016496 ], [ -73.569327, 43.019465 ], [ -73.571799, 43.011562 ], [ -73.57078, 43.009205 ], [ -73.567111, 43.008539 ], [ -73.566625, 43.007848 ], [ -73.561663, 43.007468 ], [ -73.560449, 43.009206 ], [ -73.550185, 43.010031 ], [ -73.548736, 43.007033 ], [ -73.546729, 43.007437 ], [ -73.545846, 43.005829 ], [ -73.546789, 43.004027 ], [ -73.539303, 43.004561 ], [ -73.542787, 42.997816 ], [ -73.540142, 42.997986 ], [ -73.543171, 42.990965 ], [ -73.548411, 42.99079 ], [ -73.547845, 42.989354 ], [ -73.551254, 42.98758 ], [ -73.548958, 42.97656 ], [ -73.546682, 42.976368 ], [ -73.544513, 42.975105 ], [ -73.539465, 42.975247 ], [ -73.539527, 42.969301 ], [ -73.537776, 42.966482 ], [ -73.536606, 42.961569 ], [ -73.538578, 42.95919 ], [ -73.538415, 42.955967 ], [ -73.540361, 42.952917 ], [ -73.54461, 42.948772 ], [ -73.546832, 42.942786 ], [ -73.55987, 42.942532 ], [ -73.560548, 42.937568 ], [ -73.559907, 42.926983 ], [ -73.558843, 42.925399 ], [ -73.564427, 42.923222 ], [ -73.573267, 42.921602 ], [ -73.578974, 42.917499 ], [ -73.583619, 42.913064 ], [ -73.585007, 42.907376 ], [ -73.580121, 42.90741 ], [ -73.575044, 42.908712 ], [ -73.56819, 42.909121 ], [ -73.564625, 42.907659 ], [ -73.565303, 42.90779 ], [ -73.565334, 42.905599 ], [ -73.568607, 42.905531 ], [ -73.57029, 42.904038 ], [ -73.57169, 42.901429 ], [ -73.57162, 42.899463 ], [ -73.573518, 42.898222 ], [ -73.578814, 42.88468 ], [ -73.573891, 42.883314 ], [ -73.570287, 42.886604 ], [ -73.566514, 42.886326 ], [ -73.564505, 42.868685 ], [ -73.57293, 42.871005 ], [ -73.580762, 42.872096 ], [ -73.58449, 42.868604 ], [ -73.586293, 42.869287 ], [ -73.589442, 42.869143 ], [ -73.593714, 42.86612 ], [ -73.594748, 42.869641 ], [ -73.597904, 42.864612 ], [ -73.606916, 42.859175 ], [ -73.608504, 42.860824 ], [ -73.609791, 42.863941 ], [ -73.611386, 42.864992 ], [ -73.620014, 42.863995 ], [ -73.617795, 42.874313 ], [ -73.618798, 42.876336 ], [ -73.6199, 42.876757 ], [ -73.621767, 42.875541 ], [ -73.624825, 42.876504 ], [ -73.625682, 42.875847 ], [ -73.628809, 42.875807 ], [ -73.630274, 42.876543 ], [ -73.631498, 42.874524 ], [ -73.633459, 42.874255 ], [ -73.635664, 42.872593 ], [ -73.632711, 42.871461 ], [ -73.634587, 42.869647 ], [ -73.63819, 42.869631 ], [ -73.639356, 42.867212 ], [ -73.641548, 42.865582 ], [ -73.648408, 42.865505 ], [ -73.645031, 42.866319 ], [ -73.645231, 42.868324 ], [ -73.640668, 42.868754 ], [ -73.641014, 42.871497 ], [ -73.643878, 42.870014 ], [ -73.654145, 42.869333 ], [ -73.65594, 42.870259 ], [ -73.656514, 42.871563 ], [ -73.662822, 42.874833 ], [ -73.661561, 42.879 ], [ -73.655549, 42.880023 ], [ -73.658164, 42.881805 ], [ -73.663187, 42.889358 ], [ -73.668557, 42.891701 ], [ -73.673658, 42.895105 ], [ -73.674233, 42.89777 ], [ -73.672563, 42.901891 ], [ -73.676774, 42.903567 ], [ -73.675175, 42.907371 ], [ -73.678775, 42.908354 ], [ -73.678714, 42.909357 ] ] ] } },
{ "type": "Feature", "properties": { "zcta": "12303" }, "geometry": { "type": "Polygon", "coordinates": [ [ [ -73.965467, 42.740175 ], [ -73.963082, 42.735629 ], [ -73.955907, 42.742079 ], [ -73.954061, 42.74204 ], [ -73.955875, 42.745248 ], [ -73.954011, 42.744379 ], [ -73.951452, 42.746959 ], [ -73.952392, 42.748635 ], [ -73.950235, 42.749846 ], [ -73.959588, 42.755439 ], [ -73.960228, 42.757572 ], [ -73.94447, 42.759451 ], [ -73.958932, 42.76624 ], [ -73.959012, 42.770765 ], [ -73.958088, 42.772801 ], [ -73.955309, 42.773004 ], [ -73.957359, 42.777432 ], [ -73.955578, 42.779306 ], [ -73.955332, 42.780421 ], [ -73.956286, 42.781033 ], [ -73.955542, 42.784308 ], [ -73.945192, 42.788468 ], [ -73.946647, 42.788579 ], [ -73.948833, 42.791272 ], [ -73.956602, 42.795121 ], [ -73.957681, 42.798624 ], [ -73.955729, 42.801744 ], [ -73.956212, 42.802744 ], [ -73.947855, 42.805122 ], [ -73.939351, 42.800499 ], [ -73.931047, 42.797714 ], [ -73.931562, 42.797353 ], [ -73.929365, 42.795798 ], [ -73.929675, 42.794803 ], [ -73.932668, 42.79235 ], [ -73.930251, 42.790623 ], [ -73.931694, 42.789277 ], [ -73.930689, 42.786236 ], [ -73.929993, 42.786306 ], [ -73.93052, 42.784264 ], [ -73.926935, 42.781836 ], [ -73.923469, 42.781957 ], [ -73.924438, 42.778851 ], [ -73.875507, 42.73713 ], [ -73.878046, 42.734757 ], [ -73.870333, 42.730207 ], [ -73.874644, 42.726323 ], [ -73.870648, 42.724112 ], [ -73.874302, 42.720732 ], [ -73.877814, 42.719396 ], [ -73.883471, 42.722018 ], [ -73.888401, 42.725316 ], [ -73.890652, 42.723766 ], [ -73.904426, 42.731676 ], [ -73.904682, 42.730822 ], [ -73.907083, 42.730806 ], [ -73.907238, 42.725479 ], [ -73.905278, 42.72588 ], [ -73.903842, 42.725141 ], [ -73.903251, 42.722114 ], [ -73.908191, 42.717325 ], [ -73.910191, 42.714387 ], [ -73.911637, 42.70746 ], [ -73.913888, 42.705261 ], [ -73.922423, 42.70769 ], [ -73.929432, 42.713056 ], [ -73.928269, 42.714337 ], [ -73.929731, 42.714898 ], [ -73.93068, 42.713698 ], [ -73.937925, 42.717441 ], [ -73.937126, 42.718541 ], [ -73.952634, 42.726014 ], [ -73.953447, 42.724848 ], [ -73.956484, 42.725055 ], [ -73.956655, 42.724337 ], [ -73.960541, 42.725698 ], [ -73.967852, 42.74015 ], [ -73.965467, 42.740175 ] ] ] } }
]
}
